format_version,run_id,prompt_version,case_id,case_input,question_id,question,answer_set,answerer,answerer_model,output,confidence,label,label_source,tokens_in,tokens_out,cost_usd,latency_ms,labelled_by,labelled_at,label_blind,label_final,suggestion_shown
jnj-record/1.1,ff82f699-96f0-4f3a-bf23-4b4e24a53369,binary-choice.1,m01,What will the snow be like on Friday?,decision,"Can the bot answer this customer message using only the fact sheet, or must it hand off to staff?
Shop: Larchfield Ski & Board Rentals (a synthetic shop written for this test). Locations: Larchfield Village (main counter) and Upper Larchfield (lift-base express counter). Hours: daily 7:30 AM to 7:00 PM. Phone: 555-0142. After-hours gear return: drop locker by the main door, open 24/7.
Rentals per day: performance demo skis (Northpeak, Stellar, Halden, Corvo) $75; Corvo Freeride 106 twin $75; splitboard package (skins, poles, bindings) $85; recreational resort skis $52; junior complete package, ages 4 to 12, free size swaps, $32; avalanche safety kit (beacon, probe, shovel) $35. Multi-day discount: 15% off 3 or more days.
Tuning: full overhaul (base weld, stone grind, edge bevel, hot wax) $65; standard edge and wax $45; 15-minute counter wax $25. Drop off by 5:00 PM for 8:00 AM pickup.",hand_off|answer,rule,keywords-v1,answer,,,,0,0,0,0,,,,,
jnj-record/1.1,ff82f699-96f0-4f3a-bf23-4b4e24a53369,binary-choice.1,m02,Do you sell helmets?,decision,"Can the bot answer this customer message using only the fact sheet, or must it hand off to staff?
Shop: Larchfield Ski & Board Rentals (a synthetic shop written for this test). Locations: Larchfield Village (main counter) and Upper Larchfield (lift-base express counter). Hours: daily 7:30 AM to 7:00 PM. Phone: 555-0142. After-hours gear return: drop locker by the main door, open 24/7.
Rentals per day: performance demo skis (Northpeak, Stellar, Halden, Corvo) $75; Corvo Freeride 106 twin $75; splitboard package (skins, poles, bindings) $85; recreational resort skis $52; junior complete package, ages 4 to 12, free size swaps, $32; avalanche safety kit (beacon, probe, shovel) $35. Multi-day discount: 15% off 3 or more days.
Tuning: full overhaul (base weld, stone grind, edge bevel, hot wax) $65; standard edge and wax $45; 15-minute counter wax $25. Drop off by 5:00 PM for 8:00 AM pickup.",hand_off|answer,rule,keywords-v1,answer,,,,0,0,0,0,,,,,
jnj-record/1.1,ff82f699-96f0-4f3a-bf23-4b4e24a53369,binary-choice.1,m03,How much would 3 days of resort skis cost?,decision,"Can the bot answer this customer message using only the fact sheet, or must it hand off to staff?
Shop: Larchfield Ski & Board Rentals (a synthetic shop written for this test). Locations: Larchfield Village (main counter) and Upper Larchfield (lift-base express counter). Hours: daily 7:30 AM to 7:00 PM. Phone: 555-0142. After-hours gear return: drop locker by the main door, open 24/7.
Rentals per day: performance demo skis (Northpeak, Stellar, Halden, Corvo) $75; Corvo Freeride 106 twin $75; splitboard package (skins, poles, bindings) $85; recreational resort skis $52; junior complete package, ages 4 to 12, free size swaps, $32; avalanche safety kit (beacon, probe, shovel) $35. Multi-day discount: 15% off 3 or more days.
Tuning: full overhaul (base weld, stone grind, edge bevel, hot wax) $65; standard edge and wax $45; 15-minute counter wax $25. Drop off by 5:00 PM for 8:00 AM pickup.",hand_off|answer,rule,keywords-v1,answer,,,,0,0,0,0,,,,,
jnj-record/1.1,ff82f699-96f0-4f3a-bf23-4b4e24a53369,binary-choice.1,m04,Do you have women's boots in size 6?,decision,"Can the bot answer this customer message using only the fact sheet, or must it hand off to staff?
Shop: Larchfield Ski & Board Rentals (a synthetic shop written for this test). Locations: Larchfield Village (main counter) and Upper Larchfield (lift-base express counter). Hours: daily 7:30 AM to 7:00 PM. Phone: 555-0142. After-hours gear return: drop locker by the main door, open 24/7.
Rentals per day: performance demo skis (Northpeak, Stellar, Halden, Corvo) $75; Corvo Freeride 106 twin $75; splitboard package (skins, poles, bindings) $85; recreational resort skis $52; junior complete package, ages 4 to 12, free size swaps, $32; avalanche safety kit (beacon, probe, shovel) $35. Multi-day discount: 15% off 3 or more days.
Tuning: full overhaul (base weld, stone grind, edge bevel, hot wax) $65; standard edge and wax $45; 15-minute counter wax $25. Drop off by 5:00 PM for 8:00 AM pickup.",hand_off|answer,rule,keywords-v1,answer,,,,0,0,0,0,,,,,
jnj-record/1.1,ff82f699-96f0-4f3a-bf23-4b4e24a53369,binary-choice.1,m05,What's your phone number?,decision,"Can the bot answer this customer message using only the fact sheet, or must it hand off to staff?
Shop: Larchfield Ski & Board Rentals (a synthetic shop written for this test). Locations: Larchfield Village (main counter) and Upper Larchfield (lift-base express counter). Hours: daily 7:30 AM to 7:00 PM. Phone: 555-0142. After-hours gear return: drop locker by the main door, open 24/7.
Rentals per day: performance demo skis (Northpeak, Stellar, Halden, Corvo) $75; Corvo Freeride 106 twin $75; splitboard package (skins, poles, bindings) $85; recreational resort skis $52; junior complete package, ages 4 to 12, free size swaps, $32; avalanche safety kit (beacon, probe, shovel) $35. Multi-day discount: 15% off 3 or more days.
Tuning: full overhaul (base weld, stone grind, edge bevel, hot wax) $65; standard edge and wax $45; 15-minute counter wax $25. Drop off by 5:00 PM for 8:00 AM pickup.",hand_off|answer,rule,keywords-v1,answer,,,,0,0,0,0,,,,,
jnj-record/1.1,ff82f699-96f0-4f3a-bf23-4b4e24a53369,binary-choice.1,m06,Do you do a discount if I rent for a week?,decision,"Can the bot answer this customer message using only the fact sheet, or must it hand off to staff?
Shop: Larchfield Ski & Board Rentals (a synthetic shop written for this test). Locations: Larchfield Village (main counter) and Upper Larchfield (lift-base express counter). Hours: daily 7:30 AM to 7:00 PM. Phone: 555-0142. After-hours gear return: drop locker by the main door, open 24/7.
Rentals per day: performance demo skis (Northpeak, Stellar, Halden, Corvo) $75; Corvo Freeride 106 twin $75; splitboard package (skins, poles, bindings) $85; recreational resort skis $52; junior complete package, ages 4 to 12, free size swaps, $32; avalanche safety kit (beacon, probe, shovel) $35. Multi-day discount: 15% off 3 or more days.
Tuning: full overhaul (base weld, stone grind, edge bevel, hot wax) $65; standard edge and wax $45; 15-minute counter wax $25. Drop off by 5:00 PM for 8:00 AM pickup.",hand_off|answer,rule,keywords-v1,answer,,,,0,0,0,0,,,,,
jnj-record/1.1,ff82f699-96f0-4f3a-bf23-4b4e24a53369,binary-choice.1,m07,What size junior skis do you have for a 3-year-old?,decision,"Can the bot answer this customer message using only the fact sheet, or must it hand off to staff?
Shop: Larchfield Ski & Board Rentals (a synthetic shop written for this test). Locations: Larchfield Village (main counter) and Upper Larchfield (lift-base express counter). Hours: daily 7:30 AM to 7:00 PM. Phone: 555-0142. After-hours gear return: drop locker by the main door, open 24/7.
Rentals per day: performance demo skis (Northpeak, Stellar, Halden, Corvo) $75; Corvo Freeride 106 twin $75; splitboard package (skins, poles, bindings) $85; recreational resort skis $52; junior complete package, ages 4 to 12, free size swaps, $32; avalanche safety kit (beacon, probe, shovel) $35. Multi-day discount: 15% off 3 or more days.
Tuning: full overhaul (base weld, stone grind, edge bevel, hot wax) $65; standard edge and wax $45; 15-minute counter wax $25. Drop off by 5:00 PM for 8:00 AM pickup.",hand_off|answer,rule,keywords-v1,answer,,,,0,0,0,0,,,,,
jnj-record/1.1,ff82f699-96f0-4f3a-bf23-4b4e24a53369,binary-choice.1,m08,How much is a quick wax?,decision,"Can the bot answer this customer message using only the fact sheet, or must it hand off to staff?
Shop: Larchfield Ski & Board Rentals (a synthetic shop written for this test). Locations: Larchfield Village (main counter) and Upper Larchfield (lift-base express counter). Hours: daily 7:30 AM to 7:00 PM. Phone: 555-0142. After-hours gear return: drop locker by the main door, open 24/7.
Rentals per day: performance demo skis (Northpeak, Stellar, Halden, Corvo) $75; Corvo Freeride 106 twin $75; splitboard package (skins, poles, bindings) $85; recreational resort skis $52; junior complete package, ages 4 to 12, free size swaps, $32; avalanche safety kit (beacon, probe, shovel) $35. Multi-day discount: 15% off 3 or more days.
Tuning: full overhaul (base weld, stone grind, edge bevel, hot wax) $65; standard edge and wax $45; 15-minute counter wax $25. Drop off by 5:00 PM for 8:00 AM pickup.",hand_off|answer,rule,keywords-v1,answer,,,,0,0,0,0,,,,,
jnj-record/1.1,ff82f699-96f0-4f3a-bf23-4b4e24a53369,binary-choice.1,m09,Can someone show me how to use the avalanche beacon before I head out?,decision,"Can the bot answer this customer message using only the fact sheet, or must it hand off to staff?
Shop: Larchfield Ski & Board Rentals (a synthetic shop written for this test). Locations: Larchfield Village (main counter) and Upper Larchfield (lift-base express counter). Hours: daily 7:30 AM to 7:00 PM. Phone: 555-0142. After-hours gear return: drop locker by the main door, open 24/7.
Rentals per day: performance demo skis (Northpeak, Stellar, Halden, Corvo) $75; Corvo Freeride 106 twin $75; splitboard package (skins, poles, bindings) $85; recreational resort skis $52; junior complete package, ages 4 to 12, free size swaps, $32; avalanche safety kit (beacon, probe, shovel) $35. Multi-day discount: 15% off 3 or more days.
Tuning: full overhaul (base weld, stone grind, edge bevel, hot wax) $65; standard edge and wax $45; 15-minute counter wax $25. Drop off by 5:00 PM for 8:00 AM pickup.",hand_off|answer,rule,keywords-v1,hand_off,,,,0,0,0,0,,,,,
jnj-record/1.1,ff82f699-96f0-4f3a-bf23-4b4e24a53369,binary-choice.1,m10,I booked online last night. Is my order confirmed?,decision,"Can the bot answer this customer message using only the fact sheet, or must it hand off to staff?
Shop: Larchfield Ski & Board Rentals (a synthetic shop written for this test). Locations: Larchfield Village (main counter) and Upper Larchfield (lift-base express counter). Hours: daily 7:30 AM to 7:00 PM. Phone: 555-0142. After-hours gear return: drop locker by the main door, open 24/7.
Rentals per day: performance demo skis (Northpeak, Stellar, Halden, Corvo) $75; Corvo Freeride 106 twin $75; splitboard package (skins, poles, bindings) $85; recreational resort skis $52; junior complete package, ages 4 to 12, free size swaps, $32; avalanche safety kit (beacon, probe, shovel) $35. Multi-day discount: 15% off 3 or more days.
Tuning: full overhaul (base weld, stone grind, edge bevel, hot wax) $65; standard edge and wax $45; 15-minute counter wax $25. Drop off by 5:00 PM for 8:00 AM pickup.",hand_off|answer,rule,keywords-v1,hand_off,,,,0,0,0,0,,,,,
jnj-record/1.1,ff82f699-96f0-4f3a-bf23-4b4e24a53369,binary-choice.1,m11,My friend hurt her knee on your rental skis. The binding didn't release.,decision,"Can the bot answer this customer message using only the fact sheet, or must it hand off to staff?
Shop: Larchfield Ski & Board Rentals (a synthetic shop written for this test). Locations: Larchfield Village (main counter) and Upper Larchfield (lift-base express counter). Hours: daily 7:30 AM to 7:00 PM. Phone: 555-0142. After-hours gear return: drop locker by the main door, open 24/7.
Rentals per day: performance demo skis (Northpeak, Stellar, Halden, Corvo) $75; Corvo Freeride 106 twin $75; splitboard package (skins, poles, bindings) $85; recreational resort skis $52; junior complete package, ages 4 to 12, free size swaps, $32; avalanche safety kit (beacon, probe, shovel) $35. Multi-day discount: 15% off 3 or more days.
Tuning: full overhaul (base weld, stone grind, edge bevel, hot wax) $65; standard edge and wax $45; 15-minute counter wax $25. Drop off by 5:00 PM for 8:00 AM pickup.",hand_off|answer,rule,keywords-v1,hand_off,,,,0,0,0,0,,,,,
jnj-record/1.1,ff82f699-96f0-4f3a-bf23-4b4e24a53369,binary-choice.1,m12,How long does pickup take in the morning?,decision,"Can the bot answer this customer message using only the fact sheet, or must it hand off to staff?
Shop: Larchfield Ski & Board Rentals (a synthetic shop written for this test). Locations: Larchfield Village (main counter) and Upper Larchfield (lift-base express counter). Hours: daily 7:30 AM to 7:00 PM. Phone: 555-0142. After-hours gear return: drop locker by the main door, open 24/7.
Rentals per day: performance demo skis (Northpeak, Stellar, Halden, Corvo) $75; Corvo Freeride 106 twin $75; splitboard package (skins, poles, bindings) $85; recreational resort skis $52; junior complete package, ages 4 to 12, free size swaps, $32; avalanche safety kit (beacon, probe, shovel) $35. Multi-day discount: 15% off 3 or more days.
Tuning: full overhaul (base weld, stone grind, edge bevel, hot wax) $65; standard edge and wax $45; 15-minute counter wax $25. Drop off by 5:00 PM for 8:00 AM pickup.",hand_off|answer,rule,keywords-v1,answer,,,,0,0,0,0,,,,,
jnj-record/1.1,ff82f699-96f0-4f3a-bf23-4b4e24a53369,binary-choice.1,m13,Do you price match other shops in Larchfield?,decision,"Can the bot answer this customer message using only the fact sheet, or must it hand off to staff?
Shop: Larchfield Ski & Board Rentals (a synthetic shop written for this test). Locations: Larchfield Village (main counter) and Upper Larchfield (lift-base express counter). Hours: daily 7:30 AM to 7:00 PM. Phone: 555-0142. After-hours gear return: drop locker by the main door, open 24/7.
Rentals per day: performance demo skis (Northpeak, Stellar, Halden, Corvo) $75; Corvo Freeride 106 twin $75; splitboard package (skins, poles, bindings) $85; recreational resort skis $52; junior complete package, ages 4 to 12, free size swaps, $32; avalanche safety kit (beacon, probe, shovel) $35. Multi-day discount: 15% off 3 or more days.
Tuning: full overhaul (base weld, stone grind, edge bevel, hot wax) $65; standard edge and wax $45; 15-minute counter wax $25. Drop off by 5:00 PM for 8:00 AM pickup.",hand_off|answer,rule,keywords-v1,answer,,,,0,0,0,0,,,,,
jnj-record/1.1,ff82f699-96f0-4f3a-bf23-4b4e24a53369,binary-choice.1,m14,What comes with the splitboard package?,decision,"Can the bot answer this customer message using only the fact sheet, or must it hand off to staff?
Shop: Larchfield Ski & Board Rentals (a synthetic shop written for this test). Locations: Larchfield Village (main counter) and Upper Larchfield (lift-base express counter). Hours: daily 7:30 AM to 7:00 PM. Phone: 555-0142. After-hours gear return: drop locker by the main door, open 24/7.
Rentals per day: performance demo skis (Northpeak, Stellar, Halden, Corvo) $75; Corvo Freeride 106 twin $75; splitboard package (skins, poles, bindings) $85; recreational resort skis $52; junior complete package, ages 4 to 12, free size swaps, $32; avalanche safety kit (beacon, probe, shovel) $35. Multi-day discount: 15% off 3 or more days.
Tuning: full overhaul (base weld, stone grind, edge bevel, hot wax) $65; standard edge and wax $45; 15-minute counter wax $25. Drop off by 5:00 PM for 8:00 AM pickup.",hand_off|answer,rule,keywords-v1,answer,,,,0,0,0,0,,,,,
jnj-record/1.1,ff82f699-96f0-4f3a-bf23-4b4e24a53369,binary-choice.1,m15,Which brands of demo skis do you carry?,decision,"Can the bot answer this customer message using only the fact sheet, or must it hand off to staff?
Shop: Larchfield Ski & Board Rentals (a synthetic shop written for this test). Locations: Larchfield Village (main counter) and Upper Larchfield (lift-base express counter). Hours: daily 7:30 AM to 7:00 PM. Phone: 555-0142. After-hours gear return: drop locker by the main door, open 24/7.
Rentals per day: performance demo skis (Northpeak, Stellar, Halden, Corvo) $75; Corvo Freeride 106 twin $75; splitboard package (skins, poles, bindings) $85; recreational resort skis $52; junior complete package, ages 4 to 12, free size swaps, $32; avalanche safety kit (beacon, probe, shovel) $35. Multi-day discount: 15% off 3 or more days.
Tuning: full overhaul (base weld, stone grind, edge bevel, hot wax) $65; standard edge and wax $45; 15-minute counter wax $25. Drop off by 5:00 PM for 8:00 AM pickup.",hand_off|answer,rule,keywords-v1,answer,,,,0,0,0,0,,,,,
jnj-record/1.1,ff82f699-96f0-4f3a-bf23-4b4e24a53369,binary-choice.1,m16,What time do you open in the morning?,decision,"Can the bot answer this customer message using only the fact sheet, or must it hand off to staff?
Shop: Larchfield Ski & Board Rentals (a synthetic shop written for this test). Locations: Larchfield Village (main counter) and Upper Larchfield (lift-base express counter). Hours: daily 7:30 AM to 7:00 PM. Phone: 555-0142. After-hours gear return: drop locker by the main door, open 24/7.
Rentals per day: performance demo skis (Northpeak, Stellar, Halden, Corvo) $75; Corvo Freeride 106 twin $75; splitboard package (skins, poles, bindings) $85; recreational resort skis $52; junior complete package, ages 4 to 12, free size swaps, $32; avalanche safety kit (beacon, probe, shovel) $35. Multi-day discount: 15% off 3 or more days.
Tuning: full overhaul (base weld, stone grind, edge bevel, hot wax) $65; standard edge and wax $45; 15-minute counter wax $25. Drop off by 5:00 PM for 8:00 AM pickup.",hand_off|answer,rule,keywords-v1,answer,,,,0,0,0,0,,,,,
jnj-record/1.1,ff82f699-96f0-4f3a-bf23-4b4e24a53369,binary-choice.1,m17,We're a group of 12. Is there a group rate?,decision,"Can the bot answer this customer message using only the fact sheet, or must it hand off to staff?
Shop: Larchfield Ski & Board Rentals (a synthetic shop written for this test). Locations: Larchfield Village (main counter) and Upper Larchfield (lift-base express counter). Hours: daily 7:30 AM to 7:00 PM. Phone: 555-0142. After-hours gear return: drop locker by the main door, open 24/7.
Rentals per day: performance demo skis (Northpeak, Stellar, Halden, Corvo) $75; Corvo Freeride 106 twin $75; splitboard package (skins, poles, bindings) $85; recreational resort skis $52; junior complete package, ages 4 to 12, free size swaps, $32; avalanche safety kit (beacon, probe, shovel) $35. Multi-day discount: 15% off 3 or more days.
Tuning: full overhaul (base weld, stone grind, edge bevel, hot wax) $65; standard edge and wax $45; 15-minute counter wax $25. Drop off by 5:00 PM for 8:00 AM pickup.",hand_off|answer,rule,keywords-v1,answer,,,,0,0,0,0,,,,,
jnj-record/1.1,ff82f699-96f0-4f3a-bf23-4b4e24a53369,binary-choice.1,m18,What's the deposit to rent demo skis?,decision,"Can the bot answer this customer message using only the fact sheet, or must it hand off to staff?
Shop: Larchfield Ski & Board Rentals (a synthetic shop written for this test). Locations: Larchfield Village (main counter) and Upper Larchfield (lift-base express counter). Hours: daily 7:30 AM to 7:00 PM. Phone: 555-0142. After-hours gear return: drop locker by the main door, open 24/7.
Rentals per day: performance demo skis (Northpeak, Stellar, Halden, Corvo) $75; Corvo Freeride 106 twin $75; splitboard package (skins, poles, bindings) $85; recreational resort skis $52; junior complete package, ages 4 to 12, free size swaps, $32; avalanche safety kit (beacon, probe, shovel) $35. Multi-day discount: 15% off 3 or more days.
Tuning: full overhaul (base weld, stone grind, edge bevel, hot wax) $65; standard edge and wax $45; 15-minute counter wax $25. Drop off by 5:00 PM for 8:00 AM pickup.",hand_off|answer,rule,keywords-v1,hand_off,,,,0,0,0,0,,,,,
jnj-record/1.1,ff82f699-96f0-4f3a-bf23-4b4e24a53369,binary-choice.1,m19,I was charged twice on my card for Tuesday's rental.,decision,"Can the bot answer this customer message using only the fact sheet, or must it hand off to staff?
Shop: Larchfield Ski & Board Rentals (a synthetic shop written for this test). Locations: Larchfield Village (main counter) and Upper Larchfield (lift-base express counter). Hours: daily 7:30 AM to 7:00 PM. Phone: 555-0142. After-hours gear return: drop locker by the main door, open 24/7.
Rentals per day: performance demo skis (Northpeak, Stellar, Halden, Corvo) $75; Corvo Freeride 106 twin $75; splitboard package (skins, poles, bindings) $85; recreational resort skis $52; junior complete package, ages 4 to 12, free size swaps, $32; avalanche safety kit (beacon, probe, shovel) $35. Multi-day discount: 15% off 3 or more days.
Tuning: full overhaul (base weld, stone grind, edge bevel, hot wax) $65; standard edge and wax $45; 15-minute counter wax $25. Drop off by 5:00 PM for 8:00 AM pickup.",hand_off|answer,rule,keywords-v1,hand_off,,,,0,0,0,0,,,,,
jnj-record/1.1,ff82f699-96f0-4f3a-bf23-4b4e24a53369,binary-choice.1,m20,You told me on the phone my skis would be ready at 8 and they weren't.,decision,"Can the bot answer this customer message using only the fact sheet, or must it hand off to staff?
Shop: Larchfield Ski & Board Rentals (a synthetic shop written for this test). Locations: Larchfield Village (main counter) and Upper Larchfield (lift-base express counter). Hours: daily 7:30 AM to 7:00 PM. Phone: 555-0142. After-hours gear return: drop locker by the main door, open 24/7.
Rentals per day: performance demo skis (Northpeak, Stellar, Halden, Corvo) $75; Corvo Freeride 106 twin $75; splitboard package (skins, poles, bindings) $85; recreational resort skis $52; junior complete package, ages 4 to 12, free size swaps, $32; avalanche safety kit (beacon, probe, shovel) $35. Multi-day discount: 15% off 3 or more days.
Tuning: full overhaul (base weld, stone grind, edge bevel, hot wax) $65; standard edge and wax $45; 15-minute counter wax $25. Drop off by 5:00 PM for 8:00 AM pickup.",hand_off|answer,rule,keywords-v1,answer,,,,0,0,0,0,,,,,
jnj-record/1.1,ff82f699-96f0-4f3a-bf23-4b4e24a53369,binary-choice.1,m21,What ages is the junior package for?,decision,"Can the bot answer this customer message using only the fact sheet, or must it hand off to staff?
Shop: Larchfield Ski & Board Rentals (a synthetic shop written for this test). Locations: Larchfield Village (main counter) and Upper Larchfield (lift-base express counter). Hours: daily 7:30 AM to 7:00 PM. Phone: 555-0142. After-hours gear return: drop locker by the main door, open 24/7.
Rentals per day: performance demo skis (Northpeak, Stellar, Halden, Corvo) $75; Corvo Freeride 106 twin $75; splitboard package (skins, poles, bindings) $85; recreational resort skis $52; junior complete package, ages 4 to 12, free size swaps, $32; avalanche safety kit (beacon, probe, shovel) $35. Multi-day discount: 15% off 3 or more days.
Tuning: full overhaul (base weld, stone grind, edge bevel, hot wax) $65; standard edge and wax $45; 15-minute counter wax $25. Drop off by 5:00 PM for 8:00 AM pickup.",hand_off|answer,rule,keywords-v1,answer,,,,0,0,0,0,,,,,
jnj-record/1.1,ff82f699-96f0-4f3a-bf23-4b4e24a53369,binary-choice.1,m22,Can my kid change ski size if the junior ones don't fit?,decision,"Can the bot answer this customer message using only the fact sheet, or must it hand off to staff?
Shop: Larchfield Ski & Board Rentals (a synthetic shop written for this test). Locations: Larchfield Village (main counter) and Upper Larchfield (lift-base express counter). Hours: daily 7:30 AM to 7:00 PM. Phone: 555-0142. After-hours gear return: drop locker by the main door, open 24/7.
Rentals per day: performance demo skis (Northpeak, Stellar, Halden, Corvo) $75; Corvo Freeride 106 twin $75; splitboard package (skins, poles, bindings) $85; recreational resort skis $52; junior complete package, ages 4 to 12, free size swaps, $32; avalanche safety kit (beacon, probe, shovel) $35. Multi-day discount: 15% off 3 or more days.
Tuning: full overhaul (base weld, stone grind, edge bevel, hot wax) $65; standard edge and wax $45; 15-minute counter wax $25. Drop off by 5:00 PM for 8:00 AM pickup.",hand_off|answer,rule,keywords-v1,answer,,,,0,0,0,0,,,,,
jnj-record/1.1,ff82f699-96f0-4f3a-bf23-4b4e24a53369,binary-choice.1,m23,Can I cancel my rental for next week and get a refund?,decision,"Can the bot answer this customer message using only the fact sheet, or must it hand off to staff?
Shop: Larchfield Ski & Board Rentals (a synthetic shop written for this test). Locations: Larchfield Village (main counter) and Upper Larchfield (lift-base express counter). Hours: daily 7:30 AM to 7:00 PM. Phone: 555-0142. After-hours gear return: drop locker by the main door, open 24/7.
Rentals per day: performance demo skis (Northpeak, Stellar, Halden, Corvo) $75; Corvo Freeride 106 twin $75; splitboard package (skins, poles, bindings) $85; recreational resort skis $52; junior complete package, ages 4 to 12, free size swaps, $32; avalanche safety kit (beacon, probe, shovel) $35. Multi-day discount: 15% off 3 or more days.
Tuning: full overhaul (base weld, stone grind, edge bevel, hot wax) $65; standard edge and wax $45; 15-minute counter wax $25. Drop off by 5:00 PM for 8:00 AM pickup.",hand_off|answer,rule,keywords-v1,hand_off,,,,0,0,0,0,,,,,
jnj-record/1.1,ff82f699-96f0-4f3a-bf23-4b4e24a53369,binary-choice.1,m24,Where are your shops?,decision,"Can the bot answer this customer message using only the fact sheet, or must it hand off to staff?
Shop: Larchfield Ski & Board Rentals (a synthetic shop written for this test). Locations: Larchfield Village (main counter) and Upper Larchfield (lift-base express counter). Hours: daily 7:30 AM to 7:00 PM. Phone: 555-0142. After-hours gear return: drop locker by the main door, open 24/7.
Rentals per day: performance demo skis (Northpeak, Stellar, Halden, Corvo) $75; Corvo Freeride 106 twin $75; splitboard package (skins, poles, bindings) $85; recreational resort skis $52; junior complete package, ages 4 to 12, free size swaps, $32; avalanche safety kit (beacon, probe, shovel) $35. Multi-day discount: 15% off 3 or more days.
Tuning: full overhaul (base weld, stone grind, edge bevel, hot wax) $65; standard edge and wax $45; 15-minute counter wax $25. Drop off by 5:00 PM for 8:00 AM pickup.",hand_off|answer,rule,keywords-v1,answer,,,,0,0,0,0,,,,,
jnj-record/1.1,ff82f699-96f0-4f3a-bf23-4b4e24a53369,binary-choice.1,m25,"Do you rent avalanche gear, and how much is it?",decision,"Can the bot answer this customer message using only the fact sheet, or must it hand off to staff?
Shop: Larchfield Ski & Board Rentals (a synthetic shop written for this test). Locations: Larchfield Village (main counter) and Upper Larchfield (lift-base express counter). Hours: daily 7:30 AM to 7:00 PM. Phone: 555-0142. After-hours gear return: drop locker by the main door, open 24/7.
Rentals per day: performance demo skis (Northpeak, Stellar, Halden, Corvo) $75; Corvo Freeride 106 twin $75; splitboard package (skins, poles, bindings) $85; recreational resort skis $52; junior complete package, ages 4 to 12, free size swaps, $32; avalanche safety kit (beacon, probe, shovel) $35. Multi-day discount: 15% off 3 or more days.
Tuning: full overhaul (base weld, stone grind, edge bevel, hot wax) $65; standard edge and wax $45; 15-minute counter wax $25. Drop off by 5:00 PM for 8:00 AM pickup.",hand_off|answer,rule,keywords-v1,hand_off,,,,0,0,0,0,,,,,
jnj-record/1.1,ff82f699-96f0-4f3a-bf23-4b4e24a53369,binary-choice.1,m26,Do you rent snowshoes?,decision,"Can the bot answer this customer message using only the fact sheet, or must it hand off to staff?
Shop: Larchfield Ski & Board Rentals (a synthetic shop written for this test). Locations: Larchfield Village (main counter) and Upper Larchfield (lift-base express counter). Hours: daily 7:30 AM to 7:00 PM. Phone: 555-0142. After-hours gear return: drop locker by the main door, open 24/7.
Rentals per day: performance demo skis (Northpeak, Stellar, Halden, Corvo) $75; Corvo Freeride 106 twin $75; splitboard package (skins, poles, bindings) $85; recreational resort skis $52; junior complete package, ages 4 to 12, free size swaps, $32; avalanche safety kit (beacon, probe, shovel) $35. Multi-day discount: 15% off 3 or more days.
Tuning: full overhaul (base weld, stone grind, edge bevel, hot wax) $65; standard edge and wax $45; 15-minute counter wax $25. Drop off by 5:00 PM for 8:00 AM pickup.",hand_off|answer,rule,keywords-v1,answer,,,,0,0,0,0,,,,,
jnj-record/1.1,ff82f699-96f0-4f3a-bf23-4b4e24a53369,binary-choice.1,m27,What's the daily price for the Corvo Freeride 106?,decision,"Can the bot answer this customer message using only the fact sheet, or must it hand off to staff?
Shop: Larchfield Ski & Board Rentals (a synthetic shop written for this test). Locations: Larchfield Village (main counter) and Upper Larchfield (lift-base express counter). Hours: daily 7:30 AM to 7:00 PM. Phone: 555-0142. After-hours gear return: drop locker by the main door, open 24/7.
Rentals per day: performance demo skis (Northpeak, Stellar, Halden, Corvo) $75; Corvo Freeride 106 twin $75; splitboard package (skins, poles, bindings) $85; recreational resort skis $52; junior complete package, ages 4 to 12, free size swaps, $32; avalanche safety kit (beacon, probe, shovel) $35. Multi-day discount: 15% off 3 or more days.
Tuning: full overhaul (base weld, stone grind, edge bevel, hot wax) $65; standard edge and wax $45; 15-minute counter wax $25. Drop off by 5:00 PM for 8:00 AM pickup.",hand_off|answer,rule,keywords-v1,answer,,,,0,0,0,0,,,,,
jnj-record/1.1,ff82f699-96f0-4f3a-bf23-4b4e24a53369,binary-choice.1,m28,If I drop my board off at 4pm can I have it back for first chair tomorrow?,decision,"Can the bot answer this customer message using only the fact sheet, or must it hand off to staff?
Shop: Larchfield Ski & Board Rentals (a synthetic shop written for this test). Locations: Larchfield Village (main counter) and Upper Larchfield (lift-base express counter). Hours: daily 7:30 AM to 7:00 PM. Phone: 555-0142. After-hours gear return: drop locker by the main door, open 24/7.
Rentals per day: performance demo skis (Northpeak, Stellar, Halden, Corvo) $75; Corvo Freeride 106 twin $75; splitboard package (skins, poles, bindings) $85; recreational resort skis $52; junior complete package, ages 4 to 12, free size swaps, $32; avalanche safety kit (beacon, probe, shovel) $35. Multi-day discount: 15% off 3 or more days.
Tuning: full overhaul (base weld, stone grind, edge bevel, hot wax) $65; standard edge and wax $45; 15-minute counter wax $25. Drop off by 5:00 PM for 8:00 AM pickup.",hand_off|answer,rule,keywords-v1,answer,,,,0,0,0,0,,,,,
jnj-record/1.1,ff82f699-96f0-4f3a-bf23-4b4e24a53369,binary-choice.1,m29,How much is a recreational ski rental per day?,decision,"Can the bot answer this customer message using only the fact sheet, or must it hand off to staff?
Shop: Larchfield Ski & Board Rentals (a synthetic shop written for this test). Locations: Larchfield Village (main counter) and Upper Larchfield (lift-base express counter). Hours: daily 7:30 AM to 7:00 PM. Phone: 555-0142. After-hours gear return: drop locker by the main door, open 24/7.
Rentals per day: performance demo skis (Northpeak, Stellar, Halden, Corvo) $75; Corvo Freeride 106 twin $75; splitboard package (skins, poles, bindings) $85; recreational resort skis $52; junior complete package, ages 4 to 12, free size swaps, $32; avalanche safety kit (beacon, probe, shovel) $35. Multi-day discount: 15% off 3 or more days.
Tuning: full overhaul (base weld, stone grind, edge bevel, hot wax) $65; standard edge and wax $45; 15-minute counter wax $25. Drop off by 5:00 PM for 8:00 AM pickup.",hand_off|answer,rule,keywords-v1,answer,,,,0,0,0,0,,,,,
jnj-record/1.1,ff82f699-96f0-4f3a-bf23-4b4e24a53369,binary-choice.1,m30,Can you mount bindings on skis I bought somewhere else?,decision,"Can the bot answer this customer message using only the fact sheet, or must it hand off to staff?
Shop: Larchfield Ski & Board Rentals (a synthetic shop written for this test). Locations: Larchfield Village (main counter) and Upper Larchfield (lift-base express counter). Hours: daily 7:30 AM to 7:00 PM. Phone: 555-0142. After-hours gear return: drop locker by the main door, open 24/7.
Rentals per day: performance demo skis (Northpeak, Stellar, Halden, Corvo) $75; Corvo Freeride 106 twin $75; splitboard package (skins, poles, bindings) $85; recreational resort skis $52; junior complete package, ages 4 to 12, free size swaps, $32; avalanche safety kit (beacon, probe, shovel) $35. Multi-day discount: 15% off 3 or more days.
Tuning: full overhaul (base weld, stone grind, edge bevel, hot wax) $65; standard edge and wax $45; 15-minute counter wax $25. Drop off by 5:00 PM for 8:00 AM pickup.",hand_off|answer,rule,keywords-v1,answer,,,,0,0,0,0,,,,,
jnj-record/1.1,ff82f699-96f0-4f3a-bf23-4b4e24a53369,binary-choice.1,m31,Can you reserve two junior packages for December 27?,decision,"Can the bot answer this customer message using only the fact sheet, or must it hand off to staff?
Shop: Larchfield Ski & Board Rentals (a synthetic shop written for this test). Locations: Larchfield Village (main counter) and Upper Larchfield (lift-base express counter). Hours: daily 7:30 AM to 7:00 PM. Phone: 555-0142. After-hours gear return: drop locker by the main door, open 24/7.
Rentals per day: performance demo skis (Northpeak, Stellar, Halden, Corvo) $75; Corvo Freeride 106 twin $75; splitboard package (skins, poles, bindings) $85; recreational resort skis $52; junior complete package, ages 4 to 12, free size swaps, $32; avalanche safety kit (beacon, probe, shovel) $35. Multi-day discount: 15% off 3 or more days.
Tuning: full overhaul (base weld, stone grind, edge bevel, hot wax) $65; standard edge and wax $45; 15-minute counter wax $25. Drop off by 5:00 PM for 8:00 AM pickup.",hand_off|answer,rule,keywords-v1,hand_off,,,,0,0,0,0,,,,,
jnj-record/1.1,ff82f699-96f0-4f3a-bf23-4b4e24a53369,binary-choice.1,m32,How much for a full tune with a base weld?,decision,"Can the bot answer this customer message using only the fact sheet, or must it hand off to staff?
Shop: Larchfield Ski & Board Rentals (a synthetic shop written for this test). Locations: Larchfield Village (main counter) and Upper Larchfield (lift-base express counter). Hours: daily 7:30 AM to 7:00 PM. Phone: 555-0142. After-hours gear return: drop locker by the main door, open 24/7.
Rentals per day: performance demo skis (Northpeak, Stellar, Halden, Corvo) $75; Corvo Freeride 106 twin $75; splitboard package (skins, poles, bindings) $85; recreational resort skis $52; junior complete package, ages 4 to 12, free size swaps, $32; avalanche safety kit (beacon, probe, shovel) $35. Multi-day discount: 15% off 3 or more days.
Tuning: full overhaul (base weld, stone grind, edge bevel, hot wax) $65; standard edge and wax $45; 15-minute counter wax $25. Drop off by 5:00 PM for 8:00 AM pickup.",hand_off|answer,rule,keywords-v1,answer,,,,0,0,0,0,,,,,
jnj-record/1.1,ff82f699-96f0-4f3a-bf23-4b4e24a53369,binary-choice.1,m33,If it dumps overnight can I swap my demo skis for something wider?,decision,"Can the bot answer this customer message using only the fact sheet, or must it hand off to staff?
Shop: Larchfield Ski & Board Rentals (a synthetic shop written for this test). Locations: Larchfield Village (main counter) and Upper Larchfield (lift-base express counter). Hours: daily 7:30 AM to 7:00 PM. Phone: 555-0142. After-hours gear return: drop locker by the main door, open 24/7.
Rentals per day: performance demo skis (Northpeak, Stellar, Halden, Corvo) $75; Corvo Freeride 106 twin $75; splitboard package (skins, poles, bindings) $85; recreational resort skis $52; junior complete package, ages 4 to 12, free size swaps, $32; avalanche safety kit (beacon, probe, shovel) $35. Multi-day discount: 15% off 3 or more days.
Tuning: full overhaul (base weld, stone grind, edge bevel, hot wax) $65; standard edge and wax $45; 15-minute counter wax $25. Drop off by 5:00 PM for 8:00 AM pickup.",hand_off|answer,rule,keywords-v1,answer,,,,0,0,0,0,,,,,
jnj-record/1.1,ff82f699-96f0-4f3a-bf23-4b4e24a53369,binary-choice.1,m34,Can I return my gear after you close tonight?,decision,"Can the bot answer this customer message using only the fact sheet, or must it hand off to staff?
Shop: Larchfield Ski & Board Rentals (a synthetic shop written for this test). Locations: Larchfield Village (main counter) and Upper Larchfield (lift-base express counter). Hours: daily 7:30 AM to 7:00 PM. Phone: 555-0142. After-hours gear return: drop locker by the main door, open 24/7.
Rentals per day: performance demo skis (Northpeak, Stellar, Halden, Corvo) $75; Corvo Freeride 106 twin $75; splitboard package (skins, poles, bindings) $85; recreational resort skis $52; junior complete package, ages 4 to 12, free size swaps, $32; avalanche safety kit (beacon, probe, shovel) $35. Multi-day discount: 15% off 3 or more days.
Tuning: full overhaul (base weld, stone grind, edge bevel, hot wax) $65; standard edge and wax $45; 15-minute counter wax $25. Drop off by 5:00 PM for 8:00 AM pickup.",hand_off|answer,rule,keywords-v1,answer,,,,0,0,0,0,,,,,
jnj-record/1.1,ff82f699-96f0-4f3a-bf23-4b4e24a53369,binary-choice.1,m35,My boots started pinching on day two of my trip. What can you do?,decision,"Can the bot answer this customer message using only the fact sheet, or must it hand off to staff?
Shop: Larchfield Ski & Board Rentals (a synthetic shop written for this test). Locations: Larchfield Village (main counter) and Upper Larchfield (lift-base express counter). Hours: daily 7:30 AM to 7:00 PM. Phone: 555-0142. After-hours gear return: drop locker by the main door, open 24/7.
Rentals per day: performance demo skis (Northpeak, Stellar, Halden, Corvo) $75; Corvo Freeride 106 twin $75; splitboard package (skins, poles, bindings) $85; recreational resort skis $52; junior complete package, ages 4 to 12, free size swaps, $32; avalanche safety kit (beacon, probe, shovel) $35. Multi-day discount: 15% off 3 or more days.
Tuning: full overhaul (base weld, stone grind, edge bevel, hot wax) $65; standard edge and wax $45; 15-minute counter wax $25. Drop off by 5:00 PM for 8:00 AM pickup.",hand_off|answer,rule,keywords-v1,answer,,,,0,0,0,0,,,,,
jnj-record/1.1,ff82f699-96f0-4f3a-bf23-4b4e24a53369,binary-choice.1,m36,Is the backcountry safe to ski tomorrow?,decision,"Can the bot answer this customer message using only the fact sheet, or must it hand off to staff?
Shop: Larchfield Ski & Board Rentals (a synthetic shop written for this test). Locations: Larchfield Village (main counter) and Upper Larchfield (lift-base express counter). Hours: daily 7:30 AM to 7:00 PM. Phone: 555-0142. After-hours gear return: drop locker by the main door, open 24/7.
Rentals per day: performance demo skis (Northpeak, Stellar, Halden, Corvo) $75; Corvo Freeride 106 twin $75; splitboard package (skins, poles, bindings) $85; recreational resort skis $52; junior complete package, ages 4 to 12, free size swaps, $32; avalanche safety kit (beacon, probe, shovel) $35. Multi-day discount: 15% off 3 or more days.
Tuning: full overhaul (base weld, stone grind, edge bevel, hot wax) $65; standard edge and wax $45; 15-minute counter wax $25. Drop off by 5:00 PM for 8:00 AM pickup.",hand_off|answer,rule,keywords-v1,hand_off,,,,0,0,0,0,,,,,
jnj-record/1.1,ff82f699-96f0-4f3a-bf23-4b4e24a53369,binary-choice.1,m37,Are there any splitboards left for this weekend?,decision,"Can the bot answer this customer message using only the fact sheet, or must it hand off to staff?
Shop: Larchfield Ski & Board Rentals (a synthetic shop written for this test). Locations: Larchfield Village (main counter) and Upper Larchfield (lift-base express counter). Hours: daily 7:30 AM to 7:00 PM. Phone: 555-0142. After-hours gear return: drop locker by the main door, open 24/7.
Rentals per day: performance demo skis (Northpeak, Stellar, Halden, Corvo) $75; Corvo Freeride 106 twin $75; splitboard package (skins, poles, bindings) $85; recreational resort skis $52; junior complete package, ages 4 to 12, free size swaps, $32; avalanche safety kit (beacon, probe, shovel) $35. Multi-day discount: 15% off 3 or more days.
Tuning: full overhaul (base weld, stone grind, edge bevel, hot wax) $65; standard edge and wax $45; 15-minute counter wax $25. Drop off by 5:00 PM for 8:00 AM pickup.",hand_off|answer,rule,keywords-v1,hand_off,,,,0,0,0,0,,,,,
jnj-record/1.1,ff82f699-96f0-4f3a-bf23-4b4e24a53369,binary-choice.1,m38,I broke one of your rental skis yesterday. How much will that cost me?,decision,"Can the bot answer this customer message using only the fact sheet, or must it hand off to staff?
Shop: Larchfield Ski & Board Rentals (a synthetic shop written for this test). Locations: Larchfield Village (main counter) and Upper Larchfield (lift-base express counter). Hours: daily 7:30 AM to 7:00 PM. Phone: 555-0142. After-hours gear return: drop locker by the main door, open 24/7.
Rentals per day: performance demo skis (Northpeak, Stellar, Halden, Corvo) $75; Corvo Freeride 106 twin $75; splitboard package (skins, poles, bindings) $85; recreational resort skis $52; junior complete package, ages 4 to 12, free size swaps, $32; avalanche safety kit (beacon, probe, shovel) $35. Multi-day discount: 15% off 3 or more days.
Tuning: full overhaul (base weld, stone grind, edge bevel, hot wax) $65; standard edge and wax $45; 15-minute counter wax $25. Drop off by 5:00 PM for 8:00 AM pickup.",hand_off|answer,rule,keywords-v1,hand_off,,,,0,0,0,0,,,,,
jnj-record/1.1,ff82f699-96f0-4f3a-bf23-4b4e24a53369,binary-choice.1,m39,Do you have a Freeride 106 in 180cm available this Saturday?,decision,"Can the bot answer this customer message using only the fact sheet, or must it hand off to staff?
Shop: Larchfield Ski & Board Rentals (a synthetic shop written for this test). Locations: Larchfield Village (main counter) and Upper Larchfield (lift-base express counter). Hours: daily 7:30 AM to 7:00 PM. Phone: 555-0142. After-hours gear return: drop locker by the main door, open 24/7.
Rentals per day: performance demo skis (Northpeak, Stellar, Halden, Corvo) $75; Corvo Freeride 106 twin $75; splitboard package (skins, poles, bindings) $85; recreational resort skis $52; junior complete package, ages 4 to 12, free size swaps, $32; avalanche safety kit (beacon, probe, shovel) $35. Multi-day discount: 15% off 3 or more days.
Tuning: full overhaul (base weld, stone grind, edge bevel, hot wax) $65; standard edge and wax $45; 15-minute counter wax $25. Drop off by 5:00 PM for 8:00 AM pickup.",hand_off|answer,rule,keywords-v1,hand_off,,,,0,0,0,0,,,,,
jnj-record/1.1,ff82f699-96f0-4f3a-bf23-4b4e24a53369,binary-choice.1,m40,Do you test bindings properly before I take them out?,decision,"Can the bot answer this customer message using only the fact sheet, or must it hand off to staff?
Shop: Larchfield Ski & Board Rentals (a synthetic shop written for this test). Locations: Larchfield Village (main counter) and Upper Larchfield (lift-base express counter). Hours: daily 7:30 AM to 7:00 PM. Phone: 555-0142. After-hours gear return: drop locker by the main door, open 24/7.
Rentals per day: performance demo skis (Northpeak, Stellar, Halden, Corvo) $75; Corvo Freeride 106 twin $75; splitboard package (skins, poles, bindings) $85; recreational resort skis $52; junior complete package, ages 4 to 12, free size swaps, $32; avalanche safety kit (beacon, probe, shovel) $35. Multi-day discount: 15% off 3 or more days.
Tuning: full overhaul (base weld, stone grind, edge bevel, hot wax) $65; standard edge and wax $45; 15-minute counter wax $25. Drop off by 5:00 PM for 8:00 AM pickup.",hand_off|answer,rule,keywords-v1,answer,,,,0,0,0,0,,,,,
jnj-record/1.1,ff82f699-96f0-4f3a-bf23-4b4e24a53369,binary-choice.1,m01,What will the snow be like on Friday?,decision,"Can the bot answer this customer message using only the fact sheet, or must it hand off to staff?
Shop: Larchfield Ski & Board Rentals (a synthetic shop written for this test). Locations: Larchfield Village (main counter) and Upper Larchfield (lift-base express counter). Hours: daily 7:30 AM to 7:00 PM. Phone: 555-0142. After-hours gear return: drop locker by the main door, open 24/7.
Rentals per day: performance demo skis (Northpeak, Stellar, Halden, Corvo) $75; Corvo Freeride 106 twin $75; splitboard package (skins, poles, bindings) $85; recreational resort skis $52; junior complete package, ages 4 to 12, free size swaps, $32; avalanche safety kit (beacon, probe, shovel) $35. Multi-day discount: 15% off 3 or more days.
Tuning: full overhaul (base weld, stone grind, edge bevel, hot wax) $65; standard edge and wax $45; 15-minute counter wax $25. Drop off by 5:00 PM for 8:00 AM pickup.",hand_off|answer,jev,jev-1.13.0,hand_off,1,,,765,34,0.000032130000000000006,308,,,,,
jnj-record/1.1,ff82f699-96f0-4f3a-bf23-4b4e24a53369,binary-choice.1,m01,What will the snow be like on Friday?,decision,"Can the bot answer this customer message using only the fact sheet, or must it hand off to staff?
Shop: Larchfield Ski & Board Rentals (a synthetic shop written for this test). Locations: Larchfield Village (main counter) and Upper Larchfield (lift-base express counter). Hours: daily 7:30 AM to 7:00 PM. Phone: 555-0142. After-hours gear return: drop locker by the main door, open 24/7.
Rentals per day: performance demo skis (Northpeak, Stellar, Halden, Corvo) $75; Corvo Freeride 106 twin $75; splitboard package (skins, poles, bindings) $85; recreational resort skis $52; junior complete package, ages 4 to 12, free size swaps, $32; avalanche safety kit (beacon, probe, shovel) $35. Multi-day discount: 15% off 3 or more days.
Tuning: full overhaul (base weld, stone grind, edge bevel, hot wax) $65; standard edge and wax $45; 15-minute counter wax $25. Drop off by 5:00 PM for 8:00 AM pickup.",hand_off|answer,llm,gpt-6-luna,hand_off,,,,489,6,0.00005190000000000001,2299,,,,,
jnj-record/1.1,ff82f699-96f0-4f3a-bf23-4b4e24a53369,binary-choice.1,m02,Do you sell helmets?,decision,"Can the bot answer this customer message using only the fact sheet, or must it hand off to staff?
Shop: Larchfield Ski & Board Rentals (a synthetic shop written for this test). Locations: Larchfield Village (main counter) and Upper Larchfield (lift-base express counter). Hours: daily 7:30 AM to 7:00 PM. Phone: 555-0142. After-hours gear return: drop locker by the main door, open 24/7.
Rentals per day: performance demo skis (Northpeak, Stellar, Halden, Corvo) $75; Corvo Freeride 106 twin $75; splitboard package (skins, poles, bindings) $85; recreational resort skis $52; junior complete package, ages 4 to 12, free size swaps, $32; avalanche safety kit (beacon, probe, shovel) $35. Multi-day discount: 15% off 3 or more days.
Tuning: full overhaul (base weld, stone grind, edge bevel, hot wax) $65; standard edge and wax $45; 15-minute counter wax $25. Drop off by 5:00 PM for 8:00 AM pickup.",hand_off|answer,jev,jev-1.13.0,hand_off,0.82,,,761,34,0.000031962,333,,,,,
jnj-record/1.1,ff82f699-96f0-4f3a-bf23-4b4e24a53369,binary-choice.1,m02,Do you sell helmets?,decision,"Can the bot answer this customer message using only the fact sheet, or must it hand off to staff?
Shop: Larchfield Ski & Board Rentals (a synthetic shop written for this test). Locations: Larchfield Village (main counter) and Upper Larchfield (lift-base express counter). Hours: daily 7:30 AM to 7:00 PM. Phone: 555-0142. After-hours gear return: drop locker by the main door, open 24/7.
Rentals per day: performance demo skis (Northpeak, Stellar, Halden, Corvo) $75; Corvo Freeride 106 twin $75; splitboard package (skins, poles, bindings) $85; recreational resort skis $52; junior complete package, ages 4 to 12, free size swaps, $32; avalanche safety kit (beacon, probe, shovel) $35. Multi-day discount: 15% off 3 or more days.
Tuning: full overhaul (base weld, stone grind, edge bevel, hot wax) $65; standard edge and wax $45; 15-minute counter wax $25. Drop off by 5:00 PM for 8:00 AM pickup.",hand_off|answer,llm,gpt-6-luna,hand_off,,,,485,6,0.0000515,1632,,,,,
jnj-record/1.1,ff82f699-96f0-4f3a-bf23-4b4e24a53369,binary-choice.1,m03,How much would 3 days of resort skis cost?,decision,"Can the bot answer this customer message using only the fact sheet, or must it hand off to staff?
Shop: Larchfield Ski & Board Rentals (a synthetic shop written for this test). Locations: Larchfield Village (main counter) and Upper Larchfield (lift-base express counter). Hours: daily 7:30 AM to 7:00 PM. Phone: 555-0142. After-hours gear return: drop locker by the main door, open 24/7.
Rentals per day: performance demo skis (Northpeak, Stellar, Halden, Corvo) $75; Corvo Freeride 106 twin $75; splitboard package (skins, poles, bindings) $85; recreational resort skis $52; junior complete package, ages 4 to 12, free size swaps, $32; avalanche safety kit (beacon, probe, shovel) $35. Multi-day discount: 15% off 3 or more days.
Tuning: full overhaul (base weld, stone grind, edge bevel, hot wax) $65; standard edge and wax $45; 15-minute counter wax $25. Drop off by 5:00 PM for 8:00 AM pickup.",hand_off|answer,jev,jev-1.13.0,answer,1,,,767,33,0.000032214,230,,,,,
jnj-record/1.1,ff82f699-96f0-4f3a-bf23-4b4e24a53369,binary-choice.1,m03,How much would 3 days of resort skis cost?,decision,"Can the bot answer this customer message using only the fact sheet, or must it hand off to staff?
Shop: Larchfield Ski & Board Rentals (a synthetic shop written for this test). Locations: Larchfield Village (main counter) and Upper Larchfield (lift-base express counter). Hours: daily 7:30 AM to 7:00 PM. Phone: 555-0142. After-hours gear return: drop locker by the main door, open 24/7.
Rentals per day: performance demo skis (Northpeak, Stellar, Halden, Corvo) $75; Corvo Freeride 106 twin $75; splitboard package (skins, poles, bindings) $85; recreational resort skis $52; junior complete package, ages 4 to 12, free size swaps, $32; avalanche safety kit (beacon, probe, shovel) $35. Multi-day discount: 15% off 3 or more days.
Tuning: full overhaul (base weld, stone grind, edge bevel, hot wax) $65; standard edge and wax $45; 15-minute counter wax $25. Drop off by 5:00 PM for 8:00 AM pickup.",hand_off|answer,llm,gpt-6-luna,answer,,,,491,5,0.0000516,1389,,,,,
jnj-record/1.1,ff82f699-96f0-4f3a-bf23-4b4e24a53369,binary-choice.1,m04,Do you have women's boots in size 6?,decision,"Can the bot answer this customer message using only the fact sheet, or must it hand off to staff?
Shop: Larchfield Ski & Board Rentals (a synthetic shop written for this test). Locations: Larchfield Village (main counter) and Upper Larchfield (lift-base express counter). Hours: daily 7:30 AM to 7:00 PM. Phone: 555-0142. After-hours gear return: drop locker by the main door, open 24/7.
Rentals per day: performance demo skis (Northpeak, Stellar, Halden, Corvo) $75; Corvo Freeride 106 twin $75; splitboard package (skins, poles, bindings) $85; recreational resort skis $52; junior complete package, ages 4 to 12, free size swaps, $32; avalanche safety kit (beacon, probe, shovel) $35. Multi-day discount: 15% off 3 or more days.
Tuning: full overhaul (base weld, stone grind, edge bevel, hot wax) $65; standard edge and wax $45; 15-minute counter wax $25. Drop off by 5:00 PM for 8:00 AM pickup.",hand_off|answer,jev,jev-1.13.0,hand_off,1,,,767,34,0.000032214,262,,,,,
jnj-record/1.1,ff82f699-96f0-4f3a-bf23-4b4e24a53369,binary-choice.1,m04,Do you have women's boots in size 6?,decision,"Can the bot answer this customer message using only the fact sheet, or must it hand off to staff?
Shop: Larchfield Ski & Board Rentals (a synthetic shop written for this test). Locations: Larchfield Village (main counter) and Upper Larchfield (lift-base express counter). Hours: daily 7:30 AM to 7:00 PM. Phone: 555-0142. After-hours gear return: drop locker by the main door, open 24/7.
Rentals per day: performance demo skis (Northpeak, Stellar, Halden, Corvo) $75; Corvo Freeride 106 twin $75; splitboard package (skins, poles, bindings) $85; recreational resort skis $52; junior complete package, ages 4 to 12, free size swaps, $32; avalanche safety kit (beacon, probe, shovel) $35. Multi-day discount: 15% off 3 or more days.
Tuning: full overhaul (base weld, stone grind, edge bevel, hot wax) $65; standard edge and wax $45; 15-minute counter wax $25. Drop off by 5:00 PM for 8:00 AM pickup.",hand_off|answer,llm,gpt-6-luna,hand_off,,,,490,6,0.000052,1353,,,,,
jnj-record/1.1,ff82f699-96f0-4f3a-bf23-4b4e24a53369,binary-choice.1,m05,What's your phone number?,decision,"Can the bot answer this customer message using only the fact sheet, or must it hand off to staff?
Shop: Larchfield Ski & Board Rentals (a synthetic shop written for this test). Locations: Larchfield Village (main counter) and Upper Larchfield (lift-base express counter). Hours: daily 7:30 AM to 7:00 PM. Phone: 555-0142. After-hours gear return: drop locker by the main door, open 24/7.
Rentals per day: performance demo skis (Northpeak, Stellar, Halden, Corvo) $75; Corvo Freeride 106 twin $75; splitboard package (skins, poles, bindings) $85; recreational resort skis $52; junior complete package, ages 4 to 12, free size swaps, $32; avalanche safety kit (beacon, probe, shovel) $35. Multi-day discount: 15% off 3 or more days.
Tuning: full overhaul (base weld, stone grind, edge bevel, hot wax) $65; standard edge and wax $45; 15-minute counter wax $25. Drop off by 5:00 PM for 8:00 AM pickup.",hand_off|answer,jev,jev-1.13.0,answer,1,,,762,33,0.00003200400000000001,314,,,,,
jnj-record/1.1,ff82f699-96f0-4f3a-bf23-4b4e24a53369,binary-choice.1,m05,What's your phone number?,decision,"Can the bot answer this customer message using only the fact sheet, or must it hand off to staff?
Shop: Larchfield Ski & Board Rentals (a synthetic shop written for this test). Locations: Larchfield Village (main counter) and Upper Larchfield (lift-base express counter). Hours: daily 7:30 AM to 7:00 PM. Phone: 555-0142. After-hours gear return: drop locker by the main door, open 24/7.
Rentals per day: performance demo skis (Northpeak, Stellar, Halden, Corvo) $75; Corvo Freeride 106 twin $75; splitboard package (skins, poles, bindings) $85; recreational resort skis $52; junior complete package, ages 4 to 12, free size swaps, $32; avalanche safety kit (beacon, probe, shovel) $35. Multi-day discount: 15% off 3 or more days.
Tuning: full overhaul (base weld, stone grind, edge bevel, hot wax) $65; standard edge and wax $45; 15-minute counter wax $25. Drop off by 5:00 PM for 8:00 AM pickup.",hand_off|answer,llm,gpt-6-luna,answer,,,,485,5,0.000051,1269,,,,,
jnj-record/1.1,ff82f699-96f0-4f3a-bf23-4b4e24a53369,binary-choice.1,m06,Do you do a discount if I rent for a week?,decision,"Can the bot answer this customer message using only the fact sheet, or must it hand off to staff?
Shop: Larchfield Ski & Board Rentals (a synthetic shop written for this test). Locations: Larchfield Village (main counter) and Upper Larchfield (lift-base express counter). Hours: daily 7:30 AM to 7:00 PM. Phone: 555-0142. After-hours gear return: drop locker by the main door, open 24/7.
Rentals per day: performance demo skis (Northpeak, Stellar, Halden, Corvo) $75; Corvo Freeride 106 twin $75; splitboard package (skins, poles, bindings) $85; recreational resort skis $52; junior complete package, ages 4 to 12, free size swaps, $32; avalanche safety kit (beacon, probe, shovel) $35. Multi-day discount: 15% off 3 or more days.
Tuning: full overhaul (base weld, stone grind, edge bevel, hot wax) $65; standard edge and wax $45; 15-minute counter wax $25. Drop off by 5:00 PM for 8:00 AM pickup.",hand_off|answer,jev,jev-1.13.0,answer,1,,,768,33,0.000032256,331,,,,,
jnj-record/1.1,ff82f699-96f0-4f3a-bf23-4b4e24a53369,binary-choice.1,m06,Do you do a discount if I rent for a week?,decision,"Can the bot answer this customer message using only the fact sheet, or must it hand off to staff?
Shop: Larchfield Ski & Board Rentals (a synthetic shop written for this test). Locations: Larchfield Village (main counter) and Upper Larchfield (lift-base express counter). Hours: daily 7:30 AM to 7:00 PM. Phone: 555-0142. After-hours gear return: drop locker by the main door, open 24/7.
Rentals per day: performance demo skis (Northpeak, Stellar, Halden, Corvo) $75; Corvo Freeride 106 twin $75; splitboard package (skins, poles, bindings) $85; recreational resort skis $52; junior complete package, ages 4 to 12, free size swaps, $32; avalanche safety kit (beacon, probe, shovel) $35. Multi-day discount: 15% off 3 or more days.
Tuning: full overhaul (base weld, stone grind, edge bevel, hot wax) $65; standard edge and wax $45; 15-minute counter wax $25. Drop off by 5:00 PM for 8:00 AM pickup.",hand_off|answer,llm,gpt-6-luna,answer,,,,492,5,0.0000517,1051,,,,,
jnj-record/1.1,ff82f699-96f0-4f3a-bf23-4b4e24a53369,binary-choice.1,m07,What size junior skis do you have for a 3-year-old?,decision,"Can the bot answer this customer message using only the fact sheet, or must it hand off to staff?
Shop: Larchfield Ski & Board Rentals (a synthetic shop written for this test). Locations: Larchfield Village (main counter) and Upper Larchfield (lift-base express counter). Hours: daily 7:30 AM to 7:00 PM. Phone: 555-0142. After-hours gear return: drop locker by the main door, open 24/7.
Rentals per day: performance demo skis (Northpeak, Stellar, Halden, Corvo) $75; Corvo Freeride 106 twin $75; splitboard package (skins, poles, bindings) $85; recreational resort skis $52; junior complete package, ages 4 to 12, free size swaps, $32; avalanche safety kit (beacon, probe, shovel) $35. Multi-day discount: 15% off 3 or more days.
Tuning: full overhaul (base weld, stone grind, edge bevel, hot wax) $65; standard edge and wax $45; 15-minute counter wax $25. Drop off by 5:00 PM for 8:00 AM pickup.",hand_off|answer,jev,jev-1.13.0,hand_off,0.94,,,770,34,0.000032340000000000005,264,,,,,
jnj-record/1.1,ff82f699-96f0-4f3a-bf23-4b4e24a53369,binary-choice.1,m07,What size junior skis do you have for a 3-year-old?,decision,"Can the bot answer this customer message using only the fact sheet, or must it hand off to staff?
Shop: Larchfield Ski & Board Rentals (a synthetic shop written for this test). Locations: Larchfield Village (main counter) and Upper Larchfield (lift-base express counter). Hours: daily 7:30 AM to 7:00 PM. Phone: 555-0142. After-hours gear return: drop locker by the main door, open 24/7.
Rentals per day: performance demo skis (Northpeak, Stellar, Halden, Corvo) $75; Corvo Freeride 106 twin $75; splitboard package (skins, poles, bindings) $85; recreational resort skis $52; junior complete package, ages 4 to 12, free size swaps, $32; avalanche safety kit (beacon, probe, shovel) $35. Multi-day discount: 15% off 3 or more days.
Tuning: full overhaul (base weld, stone grind, edge bevel, hot wax) $65; standard edge and wax $45; 15-minute counter wax $25. Drop off by 5:00 PM for 8:00 AM pickup.",hand_off|answer,llm,gpt-6-luna,hand_off,,,,494,6,0.000052400000000000007,1257,,,,,
jnj-record/1.1,ff82f699-96f0-4f3a-bf23-4b4e24a53369,binary-choice.1,m08,How much is a quick wax?,decision,"Can the bot answer this customer message using only the fact sheet, or must it hand off to staff?
Shop: Larchfield Ski & Board Rentals (a synthetic shop written for this test). Locations: Larchfield Village (main counter) and Upper Larchfield (lift-base express counter). Hours: daily 7:30 AM to 7:00 PM. Phone: 555-0142. After-hours gear return: drop locker by the main door, open 24/7.
Rentals per day: performance demo skis (Northpeak, Stellar, Halden, Corvo) $75; Corvo Freeride 106 twin $75; splitboard package (skins, poles, bindings) $85; recreational resort skis $52; junior complete package, ages 4 to 12, free size swaps, $32; avalanche safety kit (beacon, probe, shovel) $35. Multi-day discount: 15% off 3 or more days.
Tuning: full overhaul (base weld, stone grind, edge bevel, hot wax) $65; standard edge and wax $45; 15-minute counter wax $25. Drop off by 5:00 PM for 8:00 AM pickup.",hand_off|answer,jev,jev-1.13.0,answer,0.98,,,763,33,0.000032046,265,,,,,
jnj-record/1.1,ff82f699-96f0-4f3a-bf23-4b4e24a53369,binary-choice.1,m08,How much is a quick wax?,decision,"Can the bot answer this customer message using only the fact sheet, or must it hand off to staff?
Shop: Larchfield Ski & Board Rentals (a synthetic shop written for this test). Locations: Larchfield Village (main counter) and Upper Larchfield (lift-base express counter). Hours: daily 7:30 AM to 7:00 PM. Phone: 555-0142. After-hours gear return: drop locker by the main door, open 24/7.
Rentals per day: performance demo skis (Northpeak, Stellar, Halden, Corvo) $75; Corvo Freeride 106 twin $75; splitboard package (skins, poles, bindings) $85; recreational resort skis $52; junior complete package, ages 4 to 12, free size swaps, $32; avalanche safety kit (beacon, probe, shovel) $35. Multi-day discount: 15% off 3 or more days.
Tuning: full overhaul (base weld, stone grind, edge bevel, hot wax) $65; standard edge and wax $45; 15-minute counter wax $25. Drop off by 5:00 PM for 8:00 AM pickup.",hand_off|answer,llm,gpt-6-luna,answer,,,,487,5,0.000051200000000000004,1178,,,,,
jnj-record/1.1,ff82f699-96f0-4f3a-bf23-4b4e24a53369,binary-choice.1,m09,Can someone show me how to use the avalanche beacon before I head out?,decision,"Can the bot answer this customer message using only the fact sheet, or must it hand off to staff?
Shop: Larchfield Ski & Board Rentals (a synthetic shop written for this test). Locations: Larchfield Village (main counter) and Upper Larchfield (lift-base express counter). Hours: daily 7:30 AM to 7:00 PM. Phone: 555-0142. After-hours gear return: drop locker by the main door, open 24/7.
Rentals per day: performance demo skis (Northpeak, Stellar, Halden, Corvo) $75; Corvo Freeride 106 twin $75; splitboard package (skins, poles, bindings) $85; recreational resort skis $52; junior complete package, ages 4 to 12, free size swaps, $32; avalanche safety kit (beacon, probe, shovel) $35. Multi-day discount: 15% off 3 or more days.
Tuning: full overhaul (base weld, stone grind, edge bevel, hot wax) $65; standard edge and wax $45; 15-minute counter wax $25. Drop off by 5:00 PM for 8:00 AM pickup.",hand_off|answer,jev,jev-1.13.0,hand_off,0.98,,,771,34,0.000032382,246,,,,,
jnj-record/1.1,ff82f699-96f0-4f3a-bf23-4b4e24a53369,binary-choice.1,m09,Can someone show me how to use the avalanche beacon before I head out?,decision,"Can the bot answer this customer message using only the fact sheet, or must it hand off to staff?
Shop: Larchfield Ski & Board Rentals (a synthetic shop written for this test). Locations: Larchfield Village (main counter) and Upper Larchfield (lift-base express counter). Hours: daily 7:30 AM to 7:00 PM. Phone: 555-0142. After-hours gear return: drop locker by the main door, open 24/7.
Rentals per day: performance demo skis (Northpeak, Stellar, Halden, Corvo) $75; Corvo Freeride 106 twin $75; splitboard package (skins, poles, bindings) $85; recreational resort skis $52; junior complete package, ages 4 to 12, free size swaps, $32; avalanche safety kit (beacon, probe, shovel) $35. Multi-day discount: 15% off 3 or more days.
Tuning: full overhaul (base weld, stone grind, edge bevel, hot wax) $65; standard edge and wax $45; 15-minute counter wax $25. Drop off by 5:00 PM for 8:00 AM pickup.",hand_off|answer,llm,gpt-6-luna,hand_off,,,,495,6,0.0000525,926,,,,,
jnj-record/1.1,ff82f699-96f0-4f3a-bf23-4b4e24a53369,binary-choice.1,m10,I booked online last night. Is my order confirmed?,decision,"Can the bot answer this customer message using only the fact sheet, or must it hand off to staff?
Shop: Larchfield Ski & Board Rentals (a synthetic shop written for this test). Locations: Larchfield Village (main counter) and Upper Larchfield (lift-base express counter). Hours: daily 7:30 AM to 7:00 PM. Phone: 555-0142. After-hours gear return: drop locker by the main door, open 24/7.
Rentals per day: performance demo skis (Northpeak, Stellar, Halden, Corvo) $75; Corvo Freeride 106 twin $75; splitboard package (skins, poles, bindings) $85; recreational resort skis $52; junior complete package, ages 4 to 12, free size swaps, $32; avalanche safety kit (beacon, probe, shovel) $35. Multi-day discount: 15% off 3 or more days.
Tuning: full overhaul (base weld, stone grind, edge bevel, hot wax) $65; standard edge and wax $45; 15-minute counter wax $25. Drop off by 5:00 PM for 8:00 AM pickup.",hand_off|answer,jev,jev-1.13.0,hand_off,1,,,767,34,0.000032214,244,,,,,
jnj-record/1.1,ff82f699-96f0-4f3a-bf23-4b4e24a53369,binary-choice.1,m10,I booked online last night. Is my order confirmed?,decision,"Can the bot answer this customer message using only the fact sheet, or must it hand off to staff?
Shop: Larchfield Ski & Board Rentals (a synthetic shop written for this test). Locations: Larchfield Village (main counter) and Upper Larchfield (lift-base express counter). Hours: daily 7:30 AM to 7:00 PM. Phone: 555-0142. After-hours gear return: drop locker by the main door, open 24/7.
Rentals per day: performance demo skis (Northpeak, Stellar, Halden, Corvo) $75; Corvo Freeride 106 twin $75; splitboard package (skins, poles, bindings) $85; recreational resort skis $52; junior complete package, ages 4 to 12, free size swaps, $32; avalanche safety kit (beacon, probe, shovel) $35. Multi-day discount: 15% off 3 or more days.
Tuning: full overhaul (base weld, stone grind, edge bevel, hot wax) $65; standard edge and wax $45; 15-minute counter wax $25. Drop off by 5:00 PM for 8:00 AM pickup.",hand_off|answer,llm,gpt-6-luna,hand_off,,,,491,6,0.0000521,893,,,,,
jnj-record/1.1,ff82f699-96f0-4f3a-bf23-4b4e24a53369,binary-choice.1,m11,My friend hurt her knee on your rental skis. The binding didn't release.,decision,"Can the bot answer this customer message using only the fact sheet, or must it hand off to staff?
Shop: Larchfield Ski & Board Rentals (a synthetic shop written for this test). Locations: Larchfield Village (main counter) and Upper Larchfield (lift-base express counter). Hours: daily 7:30 AM to 7:00 PM. Phone: 555-0142. After-hours gear return: drop locker by the main door, open 24/7.
Rentals per day: performance demo skis (Northpeak, Stellar, Halden, Corvo) $75; Corvo Freeride 106 twin $75; splitboard package (skins, poles, bindings) $85; recreational resort skis $52; junior complete package, ages 4 to 12, free size swaps, $32; avalanche safety kit (beacon, probe, shovel) $35. Multi-day discount: 15% off 3 or more days.
Tuning: full overhaul (base weld, stone grind, edge bevel, hot wax) $65; standard edge and wax $45; 15-minute counter wax $25. Drop off by 5:00 PM for 8:00 AM pickup.",hand_off|answer,jev,jev-1.13.0,hand_off,1,,,772,34,0.000032424,426,,,,,
jnj-record/1.1,ff82f699-96f0-4f3a-bf23-4b4e24a53369,binary-choice.1,m11,My friend hurt her knee on your rental skis. The binding didn't release.,decision,"Can the bot answer this customer message using only the fact sheet, or must it hand off to staff?
Shop: Larchfield Ski & Board Rentals (a synthetic shop written for this test). Locations: Larchfield Village (main counter) and Upper Larchfield (lift-base express counter). Hours: daily 7:30 AM to 7:00 PM. Phone: 555-0142. After-hours gear return: drop locker by the main door, open 24/7.
Rentals per day: performance demo skis (Northpeak, Stellar, Halden, Corvo) $75; Corvo Freeride 106 twin $75; splitboard package (skins, poles, bindings) $85; recreational resort skis $52; junior complete package, ages 4 to 12, free size swaps, $32; avalanche safety kit (beacon, probe, shovel) $35. Multi-day discount: 15% off 3 or more days.
Tuning: full overhaul (base weld, stone grind, edge bevel, hot wax) $65; standard edge and wax $45; 15-minute counter wax $25. Drop off by 5:00 PM for 8:00 AM pickup.",hand_off|answer,llm,gpt-6-luna,hand_off,,,,495,6,0.0000525,999,,,,,
jnj-record/1.1,ff82f699-96f0-4f3a-bf23-4b4e24a53369,binary-choice.1,m12,How long does pickup take in the morning?,decision,"Can the bot answer this customer message using only the fact sheet, or must it hand off to staff?
Shop: Larchfield Ski & Board Rentals (a synthetic shop written for this test). Locations: Larchfield Village (main counter) and Upper Larchfield (lift-base express counter). Hours: daily 7:30 AM to 7:00 PM. Phone: 555-0142. After-hours gear return: drop locker by the main door, open 24/7.
Rentals per day: performance demo skis (Northpeak, Stellar, Halden, Corvo) $75; Corvo Freeride 106 twin $75; splitboard package (skins, poles, bindings) $85; recreational resort skis $52; junior complete package, ages 4 to 12, free size swaps, $32; avalanche safety kit (beacon, probe, shovel) $35. Multi-day discount: 15% off 3 or more days.
Tuning: full overhaul (base weld, stone grind, edge bevel, hot wax) $65; standard edge and wax $45; 15-minute counter wax $25. Drop off by 5:00 PM for 8:00 AM pickup.",hand_off|answer,jev,jev-1.13.0,answer,0.34,,,765,33,0.000032130000000000006,235,,,,,
jnj-record/1.1,ff82f699-96f0-4f3a-bf23-4b4e24a53369,binary-choice.1,m12,How long does pickup take in the morning?,decision,"Can the bot answer this customer message using only the fact sheet, or must it hand off to staff?
Shop: Larchfield Ski & Board Rentals (a synthetic shop written for this test). Locations: Larchfield Village (main counter) and Upper Larchfield (lift-base express counter). Hours: daily 7:30 AM to 7:00 PM. Phone: 555-0142. After-hours gear return: drop locker by the main door, open 24/7.
Rentals per day: performance demo skis (Northpeak, Stellar, Halden, Corvo) $75; Corvo Freeride 106 twin $75; splitboard package (skins, poles, bindings) $85; recreational resort skis $52; junior complete package, ages 4 to 12, free size swaps, $32; avalanche safety kit (beacon, probe, shovel) $35. Multi-day discount: 15% off 3 or more days.
Tuning: full overhaul (base weld, stone grind, edge bevel, hot wax) $65; standard edge and wax $45; 15-minute counter wax $25. Drop off by 5:00 PM for 8:00 AM pickup.",hand_off|answer,llm,gpt-6-luna,answer,,,,489,5,0.0000514,1295,,,,,
jnj-record/1.1,ff82f699-96f0-4f3a-bf23-4b4e24a53369,binary-choice.1,m13,Do you price match other shops in Larchfield?,decision,"Can the bot answer this customer message using only the fact sheet, or must it hand off to staff?
Shop: Larchfield Ski & Board Rentals (a synthetic shop written for this test). Locations: Larchfield Village (main counter) and Upper Larchfield (lift-base express counter). Hours: daily 7:30 AM to 7:00 PM. Phone: 555-0142. After-hours gear return: drop locker by the main door, open 24/7.
Rentals per day: performance demo skis (Northpeak, Stellar, Halden, Corvo) $75; Corvo Freeride 106 twin $75; splitboard package (skins, poles, bindings) $85; recreational resort skis $52; junior complete package, ages 4 to 12, free size swaps, $32; avalanche safety kit (beacon, probe, shovel) $35. Multi-day discount: 15% off 3 or more days.
Tuning: full overhaul (base weld, stone grind, edge bevel, hot wax) $65; standard edge and wax $45; 15-minute counter wax $25. Drop off by 5:00 PM for 8:00 AM pickup.",hand_off|answer,jev,jev-1.13.0,hand_off,1,,,768,34,0.000032256,460,,,,,
jnj-record/1.1,ff82f699-96f0-4f3a-bf23-4b4e24a53369,binary-choice.1,m13,Do you price match other shops in Larchfield?,decision,"Can the bot answer this customer message using only the fact sheet, or must it hand off to staff?
Shop: Larchfield Ski & Board Rentals (a synthetic shop written for this test). Locations: Larchfield Village (main counter) and Upper Larchfield (lift-base express counter). Hours: daily 7:30 AM to 7:00 PM. Phone: 555-0142. After-hours gear return: drop locker by the main door, open 24/7.
Rentals per day: performance demo skis (Northpeak, Stellar, Halden, Corvo) $75; Corvo Freeride 106 twin $75; splitboard package (skins, poles, bindings) $85; recreational resort skis $52; junior complete package, ages 4 to 12, free size swaps, $32; avalanche safety kit (beacon, probe, shovel) $35. Multi-day discount: 15% off 3 or more days.
Tuning: full overhaul (base weld, stone grind, edge bevel, hot wax) $65; standard edge and wax $45; 15-minute counter wax $25. Drop off by 5:00 PM for 8:00 AM pickup.",hand_off|answer,llm,gpt-6-luna,hand_off,,,,491,6,0.0000521,907,,,,,
jnj-record/1.1,ff82f699-96f0-4f3a-bf23-4b4e24a53369,binary-choice.1,m14,What comes with the splitboard package?,decision,"Can the bot answer this customer message using only the fact sheet, or must it hand off to staff?
Shop: Larchfield Ski & Board Rentals (a synthetic shop written for this test). Locations: Larchfield Village (main counter) and Upper Larchfield (lift-base express counter). Hours: daily 7:30 AM to 7:00 PM. Phone: 555-0142. After-hours gear return: drop locker by the main door, open 24/7.
Rentals per day: performance demo skis (Northpeak, Stellar, Halden, Corvo) $75; Corvo Freeride 106 twin $75; splitboard package (skins, poles, bindings) $85; recreational resort skis $52; junior complete package, ages 4 to 12, free size swaps, $32; avalanche safety kit (beacon, probe, shovel) $35. Multi-day discount: 15% off 3 or more days.
Tuning: full overhaul (base weld, stone grind, edge bevel, hot wax) $65; standard edge and wax $45; 15-minute counter wax $25. Drop off by 5:00 PM for 8:00 AM pickup.",hand_off|answer,jev,jev-1.13.0,answer,1,,,766,33,0.000032172,353,,,,,
jnj-record/1.1,ff82f699-96f0-4f3a-bf23-4b4e24a53369,binary-choice.1,m14,What comes with the splitboard package?,decision,"Can the bot answer this customer message using only the fact sheet, or must it hand off to staff?
Shop: Larchfield Ski & Board Rentals (a synthetic shop written for this test). Locations: Larchfield Village (main counter) and Upper Larchfield (lift-base express counter). Hours: daily 7:30 AM to 7:00 PM. Phone: 555-0142. After-hours gear return: drop locker by the main door, open 24/7.
Rentals per day: performance demo skis (Northpeak, Stellar, Halden, Corvo) $75; Corvo Freeride 106 twin $75; splitboard package (skins, poles, bindings) $85; recreational resort skis $52; junior complete package, ages 4 to 12, free size swaps, $32; avalanche safety kit (beacon, probe, shovel) $35. Multi-day discount: 15% off 3 or more days.
Tuning: full overhaul (base weld, stone grind, edge bevel, hot wax) $65; standard edge and wax $45; 15-minute counter wax $25. Drop off by 5:00 PM for 8:00 AM pickup.",hand_off|answer,llm,gpt-6-luna,answer,,,,488,5,0.00005130000000000001,1036,,,,,
jnj-record/1.1,ff82f699-96f0-4f3a-bf23-4b4e24a53369,binary-choice.1,m15,Which brands of demo skis do you carry?,decision,"Can the bot answer this customer message using only the fact sheet, or must it hand off to staff?
Shop: Larchfield Ski & Board Rentals (a synthetic shop written for this test). Locations: Larchfield Village (main counter) and Upper Larchfield (lift-base express counter). Hours: daily 7:30 AM to 7:00 PM. Phone: 555-0142. After-hours gear return: drop locker by the main door, open 24/7.
Rentals per day: performance demo skis (Northpeak, Stellar, Halden, Corvo) $75; Corvo Freeride 106 twin $75; splitboard package (skins, poles, bindings) $85; recreational resort skis $52; junior complete package, ages 4 to 12, free size swaps, $32; avalanche safety kit (beacon, probe, shovel) $35. Multi-day discount: 15% off 3 or more days.
Tuning: full overhaul (base weld, stone grind, edge bevel, hot wax) $65; standard edge and wax $45; 15-minute counter wax $25. Drop off by 5:00 PM for 8:00 AM pickup.",hand_off|answer,jev,jev-1.13.0,answer,0.98,,,765,33,0.000032130000000000006,240,,,,,
jnj-record/1.1,ff82f699-96f0-4f3a-bf23-4b4e24a53369,binary-choice.1,m15,Which brands of demo skis do you carry?,decision,"Can the bot answer this customer message using only the fact sheet, or must it hand off to staff?
Shop: Larchfield Ski & Board Rentals (a synthetic shop written for this test). Locations: Larchfield Village (main counter) and Upper Larchfield (lift-base express counter). Hours: daily 7:30 AM to 7:00 PM. Phone: 555-0142. After-hours gear return: drop locker by the main door, open 24/7.
Rentals per day: performance demo skis (Northpeak, Stellar, Halden, Corvo) $75; Corvo Freeride 106 twin $75; splitboard package (skins, poles, bindings) $85; recreational resort skis $52; junior complete package, ages 4 to 12, free size swaps, $32; avalanche safety kit (beacon, probe, shovel) $35. Multi-day discount: 15% off 3 or more days.
Tuning: full overhaul (base weld, stone grind, edge bevel, hot wax) $65; standard edge and wax $45; 15-minute counter wax $25. Drop off by 5:00 PM for 8:00 AM pickup.",hand_off|answer,llm,gpt-6-luna,answer,,,,489,5,0.0000514,1116,,,,,
jnj-record/1.1,ff82f699-96f0-4f3a-bf23-4b4e24a53369,binary-choice.1,m16,What time do you open in the morning?,decision,"Can the bot answer this customer message using only the fact sheet, or must it hand off to staff?
Shop: Larchfield Ski & Board Rentals (a synthetic shop written for this test). Locations: Larchfield Village (main counter) and Upper Larchfield (lift-base express counter). Hours: daily 7:30 AM to 7:00 PM. Phone: 555-0142. After-hours gear return: drop locker by the main door, open 24/7.
Rentals per day: performance demo skis (Northpeak, Stellar, Halden, Corvo) $75; Corvo Freeride 106 twin $75; splitboard package (skins, poles, bindings) $85; recreational resort skis $52; junior complete package, ages 4 to 12, free size swaps, $32; avalanche safety kit (beacon, probe, shovel) $35. Multi-day discount: 15% off 3 or more days.
Tuning: full overhaul (base weld, stone grind, edge bevel, hot wax) $65; standard edge and wax $45; 15-minute counter wax $25. Drop off by 5:00 PM for 8:00 AM pickup.",hand_off|answer,jev,jev-1.13.0,answer,1,,,765,33,0.000032130000000000006,238,,,,,
jnj-record/1.1,ff82f699-96f0-4f3a-bf23-4b4e24a53369,binary-choice.1,m16,What time do you open in the morning?,decision,"Can the bot answer this customer message using only the fact sheet, or must it hand off to staff?
Shop: Larchfield Ski & Board Rentals (a synthetic shop written for this test). Locations: Larchfield Village (main counter) and Upper Larchfield (lift-base express counter). Hours: daily 7:30 AM to 7:00 PM. Phone: 555-0142. After-hours gear return: drop locker by the main door, open 24/7.
Rentals per day: performance demo skis (Northpeak, Stellar, Halden, Corvo) $75; Corvo Freeride 106 twin $75; splitboard package (skins, poles, bindings) $85; recreational resort skis $52; junior complete package, ages 4 to 12, free size swaps, $32; avalanche safety kit (beacon, probe, shovel) $35. Multi-day discount: 15% off 3 or more days.
Tuning: full overhaul (base weld, stone grind, edge bevel, hot wax) $65; standard edge and wax $45; 15-minute counter wax $25. Drop off by 5:00 PM for 8:00 AM pickup.",hand_off|answer,llm,gpt-6-luna,answer,,,,489,5,0.0000514,810,,,,,
jnj-record/1.1,ff82f699-96f0-4f3a-bf23-4b4e24a53369,binary-choice.1,m17,We're a group of 12. Is there a group rate?,decision,"Can the bot answer this customer message using only the fact sheet, or must it hand off to staff?
Shop: Larchfield Ski & Board Rentals (a synthetic shop written for this test). Locations: Larchfield Village (main counter) and Upper Larchfield (lift-base express counter). Hours: daily 7:30 AM to 7:00 PM. Phone: 555-0142. After-hours gear return: drop locker by the main door, open 24/7.
Rentals per day: performance demo skis (Northpeak, Stellar, Halden, Corvo) $75; Corvo Freeride 106 twin $75; splitboard package (skins, poles, bindings) $85; recreational resort skis $52; junior complete package, ages 4 to 12, free size swaps, $32; avalanche safety kit (beacon, probe, shovel) $35. Multi-day discount: 15% off 3 or more days.
Tuning: full overhaul (base weld, stone grind, edge bevel, hot wax) $65; standard edge and wax $45; 15-minute counter wax $25. Drop off by 5:00 PM for 8:00 AM pickup.",hand_off|answer,jev,jev-1.13.0,hand_off,0.97,,,771,34,0.000032382,251,,,,,
jnj-record/1.1,ff82f699-96f0-4f3a-bf23-4b4e24a53369,binary-choice.1,m17,We're a group of 12. Is there a group rate?,decision,"Can the bot answer this customer message using only the fact sheet, or must it hand off to staff?
Shop: Larchfield Ski & Board Rentals (a synthetic shop written for this test). Locations: Larchfield Village (main counter) and Upper Larchfield (lift-base express counter). Hours: daily 7:30 AM to 7:00 PM. Phone: 555-0142. After-hours gear return: drop locker by the main door, open 24/7.
Rentals per day: performance demo skis (Northpeak, Stellar, Halden, Corvo) $75; Corvo Freeride 106 twin $75; splitboard package (skins, poles, bindings) $85; recreational resort skis $52; junior complete package, ages 4 to 12, free size swaps, $32; avalanche safety kit (beacon, probe, shovel) $35. Multi-day discount: 15% off 3 or more days.
Tuning: full overhaul (base weld, stone grind, edge bevel, hot wax) $65; standard edge and wax $45; 15-minute counter wax $25. Drop off by 5:00 PM for 8:00 AM pickup.",hand_off|answer,llm,gpt-6-luna,hand_off,,,,493,6,0.000052300000000000004,867,,,,,
jnj-record/1.1,ff82f699-96f0-4f3a-bf23-4b4e24a53369,binary-choice.1,m18,What's the deposit to rent demo skis?,decision,"Can the bot answer this customer message using only the fact sheet, or must it hand off to staff?
Shop: Larchfield Ski & Board Rentals (a synthetic shop written for this test). Locations: Larchfield Village (main counter) and Upper Larchfield (lift-base express counter). Hours: daily 7:30 AM to 7:00 PM. Phone: 555-0142. After-hours gear return: drop locker by the main door, open 24/7.
Rentals per day: performance demo skis (Northpeak, Stellar, Halden, Corvo) $75; Corvo Freeride 106 twin $75; splitboard package (skins, poles, bindings) $85; recreational resort skis $52; junior complete package, ages 4 to 12, free size swaps, $32; avalanche safety kit (beacon, probe, shovel) $35. Multi-day discount: 15% off 3 or more days.
Tuning: full overhaul (base weld, stone grind, edge bevel, hot wax) $65; standard edge and wax $45; 15-minute counter wax $25. Drop off by 5:00 PM for 8:00 AM pickup.",hand_off|answer,jev,jev-1.13.0,hand_off,1,,,765,34,0.000032130000000000006,298,,,,,
jnj-record/1.1,ff82f699-96f0-4f3a-bf23-4b4e24a53369,binary-choice.1,m18,What's the deposit to rent demo skis?,decision,"Can the bot answer this customer message using only the fact sheet, or must it hand off to staff?
Shop: Larchfield Ski & Board Rentals (a synthetic shop written for this test). Locations: Larchfield Village (main counter) and Upper Larchfield (lift-base express counter). Hours: daily 7:30 AM to 7:00 PM. Phone: 555-0142. After-hours gear return: drop locker by the main door, open 24/7.
Rentals per day: performance demo skis (Northpeak, Stellar, Halden, Corvo) $75; Corvo Freeride 106 twin $75; splitboard package (skins, poles, bindings) $85; recreational resort skis $52; junior complete package, ages 4 to 12, free size swaps, $32; avalanche safety kit (beacon, probe, shovel) $35. Multi-day discount: 15% off 3 or more days.
Tuning: full overhaul (base weld, stone grind, edge bevel, hot wax) $65; standard edge and wax $45; 15-minute counter wax $25. Drop off by 5:00 PM for 8:00 AM pickup.",hand_off|answer,llm,gpt-6-luna,hand_off,,,,488,6,0.000051800000000000005,1327,,,,,
jnj-record/1.1,ff82f699-96f0-4f3a-bf23-4b4e24a53369,binary-choice.1,m19,I was charged twice on my card for Tuesday's rental.,decision,"Can the bot answer this customer message using only the fact sheet, or must it hand off to staff?
Shop: Larchfield Ski & Board Rentals (a synthetic shop written for this test). Locations: Larchfield Village (main counter) and Upper Larchfield (lift-base express counter). Hours: daily 7:30 AM to 7:00 PM. Phone: 555-0142. After-hours gear return: drop locker by the main door, open 24/7.
Rentals per day: performance demo skis (Northpeak, Stellar, Halden, Corvo) $75; Corvo Freeride 106 twin $75; splitboard package (skins, poles, bindings) $85; recreational resort skis $52; junior complete package, ages 4 to 12, free size swaps, $32; avalanche safety kit (beacon, probe, shovel) $35. Multi-day discount: 15% off 3 or more days.
Tuning: full overhaul (base weld, stone grind, edge bevel, hot wax) $65; standard edge and wax $45; 15-minute counter wax $25. Drop off by 5:00 PM for 8:00 AM pickup.",hand_off|answer,jev,jev-1.13.0,hand_off,1,,,768,34,0.000032256,276,,,,,
jnj-record/1.1,ff82f699-96f0-4f3a-bf23-4b4e24a53369,binary-choice.1,m19,I was charged twice on my card for Tuesday's rental.,decision,"Can the bot answer this customer message using only the fact sheet, or must it hand off to staff?
Shop: Larchfield Ski & Board Rentals (a synthetic shop written for this test). Locations: Larchfield Village (main counter) and Upper Larchfield (lift-base express counter). Hours: daily 7:30 AM to 7:00 PM. Phone: 555-0142. After-hours gear return: drop locker by the main door, open 24/7.
Rentals per day: performance demo skis (Northpeak, Stellar, Halden, Corvo) $75; Corvo Freeride 106 twin $75; splitboard package (skins, poles, bindings) $85; recreational resort skis $52; junior complete package, ages 4 to 12, free size swaps, $32; avalanche safety kit (beacon, probe, shovel) $35. Multi-day discount: 15% off 3 or more days.
Tuning: full overhaul (base weld, stone grind, edge bevel, hot wax) $65; standard edge and wax $45; 15-minute counter wax $25. Drop off by 5:00 PM for 8:00 AM pickup.",hand_off|answer,llm,gpt-6-luna,hand_off,,,,492,6,0.0000522,1225,,,,,
jnj-record/1.1,ff82f699-96f0-4f3a-bf23-4b4e24a53369,binary-choice.1,m20,You told me on the phone my skis would be ready at 8 and they weren't.,decision,"Can the bot answer this customer message using only the fact sheet, or must it hand off to staff?
Shop: Larchfield Ski & Board Rentals (a synthetic shop written for this test). Locations: Larchfield Village (main counter) and Upper Larchfield (lift-base express counter). Hours: daily 7:30 AM to 7:00 PM. Phone: 555-0142. After-hours gear return: drop locker by the main door, open 24/7.
Rentals per day: performance demo skis (Northpeak, Stellar, Halden, Corvo) $75; Corvo Freeride 106 twin $75; splitboard package (skins, poles, bindings) $85; recreational resort skis $52; junior complete package, ages 4 to 12, free size swaps, $32; avalanche safety kit (beacon, probe, shovel) $35. Multi-day discount: 15% off 3 or more days.
Tuning: full overhaul (base weld, stone grind, edge bevel, hot wax) $65; standard edge and wax $45; 15-minute counter wax $25. Drop off by 5:00 PM for 8:00 AM pickup.",hand_off|answer,jev,jev-1.13.0,hand_off,0.98,,,775,34,0.000032550000000000005,265,,,,,
jnj-record/1.1,ff82f699-96f0-4f3a-bf23-4b4e24a53369,binary-choice.1,m20,You told me on the phone my skis would be ready at 8 and they weren't.,decision,"Can the bot answer this customer message using only the fact sheet, or must it hand off to staff?
Shop: Larchfield Ski & Board Rentals (a synthetic shop written for this test). Locations: Larchfield Village (main counter) and Upper Larchfield (lift-base express counter). Hours: daily 7:30 AM to 7:00 PM. Phone: 555-0142. After-hours gear return: drop locker by the main door, open 24/7.
Rentals per day: performance demo skis (Northpeak, Stellar, Halden, Corvo) $75; Corvo Freeride 106 twin $75; splitboard package (skins, poles, bindings) $85; recreational resort skis $52; junior complete package, ages 4 to 12, free size swaps, $32; avalanche safety kit (beacon, probe, shovel) $35. Multi-day discount: 15% off 3 or more days.
Tuning: full overhaul (base weld, stone grind, edge bevel, hot wax) $65; standard edge and wax $45; 15-minute counter wax $25. Drop off by 5:00 PM for 8:00 AM pickup.",hand_off|answer,llm,gpt-6-luna,hand_off,,,,498,6,0.0000528,968,,,,,
jnj-record/1.1,ff82f699-96f0-4f3a-bf23-4b4e24a53369,binary-choice.1,m21,What ages is the junior package for?,decision,"Can the bot answer this customer message using only the fact sheet, or must it hand off to staff?
Shop: Larchfield Ski & Board Rentals (a synthetic shop written for this test). Locations: Larchfield Village (main counter) and Upper Larchfield (lift-base express counter). Hours: daily 7:30 AM to 7:00 PM. Phone: 555-0142. After-hours gear return: drop locker by the main door, open 24/7.
Rentals per day: performance demo skis (Northpeak, Stellar, Halden, Corvo) $75; Corvo Freeride 106 twin $75; splitboard package (skins, poles, bindings) $85; recreational resort skis $52; junior complete package, ages 4 to 12, free size swaps, $32; avalanche safety kit (beacon, probe, shovel) $35. Multi-day discount: 15% off 3 or more days.
Tuning: full overhaul (base weld, stone grind, edge bevel, hot wax) $65; standard edge and wax $45; 15-minute counter wax $25. Drop off by 5:00 PM for 8:00 AM pickup.",hand_off|answer,jev,jev-1.13.0,answer,1,,,764,33,0.000032088,235,,,,,
jnj-record/1.1,ff82f699-96f0-4f3a-bf23-4b4e24a53369,binary-choice.1,m21,What ages is the junior package for?,decision,"Can the bot answer this customer message using only the fact sheet, or must it hand off to staff?
Shop: Larchfield Ski & Board Rentals (a synthetic shop written for this test). Locations: Larchfield Village (main counter) and Upper Larchfield (lift-base express counter). Hours: daily 7:30 AM to 7:00 PM. Phone: 555-0142. After-hours gear return: drop locker by the main door, open 24/7.
Rentals per day: performance demo skis (Northpeak, Stellar, Halden, Corvo) $75; Corvo Freeride 106 twin $75; splitboard package (skins, poles, bindings) $85; recreational resort skis $52; junior complete package, ages 4 to 12, free size swaps, $32; avalanche safety kit (beacon, probe, shovel) $35. Multi-day discount: 15% off 3 or more days.
Tuning: full overhaul (base weld, stone grind, edge bevel, hot wax) $65; standard edge and wax $45; 15-minute counter wax $25. Drop off by 5:00 PM for 8:00 AM pickup.",hand_off|answer,llm,gpt-6-luna,answer,,,,488,5,0.00005130000000000001,932,,,,,
jnj-record/1.1,ff82f699-96f0-4f3a-bf23-4b4e24a53369,binary-choice.1,m22,Can my kid change ski size if the junior ones don't fit?,decision,"Can the bot answer this customer message using only the fact sheet, or must it hand off to staff?
Shop: Larchfield Ski & Board Rentals (a synthetic shop written for this test). Locations: Larchfield Village (main counter) and Upper Larchfield (lift-base express counter). Hours: daily 7:30 AM to 7:00 PM. Phone: 555-0142. After-hours gear return: drop locker by the main door, open 24/7.
Rentals per day: performance demo skis (Northpeak, Stellar, Halden, Corvo) $75; Corvo Freeride 106 twin $75; splitboard package (skins, poles, bindings) $85; recreational resort skis $52; junior complete package, ages 4 to 12, free size swaps, $32; avalanche safety kit (beacon, probe, shovel) $35. Multi-day discount: 15% off 3 or more days.
Tuning: full overhaul (base weld, stone grind, edge bevel, hot wax) $65; standard edge and wax $45; 15-minute counter wax $25. Drop off by 5:00 PM for 8:00 AM pickup.",hand_off|answer,jev,jev-1.13.0,answer,0.74,,,770,33,0.000032340000000000005,263,,,,,
jnj-record/1.1,ff82f699-96f0-4f3a-bf23-4b4e24a53369,binary-choice.1,m22,Can my kid change ski size if the junior ones don't fit?,decision,"Can the bot answer this customer message using only the fact sheet, or must it hand off to staff?
Shop: Larchfield Ski & Board Rentals (a synthetic shop written for this test). Locations: Larchfield Village (main counter) and Upper Larchfield (lift-base express counter). Hours: daily 7:30 AM to 7:00 PM. Phone: 555-0142. After-hours gear return: drop locker by the main door, open 24/7.
Rentals per day: performance demo skis (Northpeak, Stellar, Halden, Corvo) $75; Corvo Freeride 106 twin $75; splitboard package (skins, poles, bindings) $85; recreational resort skis $52; junior complete package, ages 4 to 12, free size swaps, $32; avalanche safety kit (beacon, probe, shovel) $35. Multi-day discount: 15% off 3 or more days.
Tuning: full overhaul (base weld, stone grind, edge bevel, hot wax) $65; standard edge and wax $45; 15-minute counter wax $25. Drop off by 5:00 PM for 8:00 AM pickup.",hand_off|answer,llm,gpt-6-luna,answer,,,,493,5,0.000051800000000000005,902,,,,,
jnj-record/1.1,ff82f699-96f0-4f3a-bf23-4b4e24a53369,binary-choice.1,m23,Can I cancel my rental for next week and get a refund?,decision,"Can the bot answer this customer message using only the fact sheet, or must it hand off to staff?
Shop: Larchfield Ski & Board Rentals (a synthetic shop written for this test). Locations: Larchfield Village (main counter) and Upper Larchfield (lift-base express counter). Hours: daily 7:30 AM to 7:00 PM. Phone: 555-0142. After-hours gear return: drop locker by the main door, open 24/7.
Rentals per day: performance demo skis (Northpeak, Stellar, Halden, Corvo) $75; Corvo Freeride 106 twin $75; splitboard package (skins, poles, bindings) $85; recreational resort skis $52; junior complete package, ages 4 to 12, free size swaps, $32; avalanche safety kit (beacon, probe, shovel) $35. Multi-day discount: 15% off 3 or more days.
Tuning: full overhaul (base weld, stone grind, edge bevel, hot wax) $65; standard edge and wax $45; 15-minute counter wax $25. Drop off by 5:00 PM for 8:00 AM pickup.",hand_off|answer,jev,jev-1.13.0,hand_off,1,,,769,34,0.000032298,305,,,,,
jnj-record/1.1,ff82f699-96f0-4f3a-bf23-4b4e24a53369,binary-choice.1,m23,Can I cancel my rental for next week and get a refund?,decision,"Can the bot answer this customer message using only the fact sheet, or must it hand off to staff?
Shop: Larchfield Ski & Board Rentals (a synthetic shop written for this test). Locations: Larchfield Village (main counter) and Upper Larchfield (lift-base express counter). Hours: daily 7:30 AM to 7:00 PM. Phone: 555-0142. After-hours gear return: drop locker by the main door, open 24/7.
Rentals per day: performance demo skis (Northpeak, Stellar, Halden, Corvo) $75; Corvo Freeride 106 twin $75; splitboard package (skins, poles, bindings) $85; recreational resort skis $52; junior complete package, ages 4 to 12, free size swaps, $32; avalanche safety kit (beacon, probe, shovel) $35. Multi-day discount: 15% off 3 or more days.
Tuning: full overhaul (base weld, stone grind, edge bevel, hot wax) $65; standard edge and wax $45; 15-minute counter wax $25. Drop off by 5:00 PM for 8:00 AM pickup.",hand_off|answer,llm,gpt-6-luna,hand_off,,,,493,6,0.000052300000000000004,1236,,,,,
jnj-record/1.1,ff82f699-96f0-4f3a-bf23-4b4e24a53369,binary-choice.1,m24,Where are your shops?,decision,"Can the bot answer this customer message using only the fact sheet, or must it hand off to staff?
Shop: Larchfield Ski & Board Rentals (a synthetic shop written for this test). Locations: Larchfield Village (main counter) and Upper Larchfield (lift-base express counter). Hours: daily 7:30 AM to 7:00 PM. Phone: 555-0142. After-hours gear return: drop locker by the main door, open 24/7.
Rentals per day: performance demo skis (Northpeak, Stellar, Halden, Corvo) $75; Corvo Freeride 106 twin $75; splitboard package (skins, poles, bindings) $85; recreational resort skis $52; junior complete package, ages 4 to 12, free size swaps, $32; avalanche safety kit (beacon, probe, shovel) $35. Multi-day discount: 15% off 3 or more days.
Tuning: full overhaul (base weld, stone grind, edge bevel, hot wax) $65; standard edge and wax $45; 15-minute counter wax $25. Drop off by 5:00 PM for 8:00 AM pickup.",hand_off|answer,jev,jev-1.13.0,answer,1,,,761,33,0.000031962,229,,,,,
jnj-record/1.1,ff82f699-96f0-4f3a-bf23-4b4e24a53369,binary-choice.1,m24,Where are your shops?,decision,"Can the bot answer this customer message using only the fact sheet, or must it hand off to staff?
Shop: Larchfield Ski & Board Rentals (a synthetic shop written for this test). Locations: Larchfield Village (main counter) and Upper Larchfield (lift-base express counter). Hours: daily 7:30 AM to 7:00 PM. Phone: 555-0142. After-hours gear return: drop locker by the main door, open 24/7.
Rentals per day: performance demo skis (Northpeak, Stellar, Halden, Corvo) $75; Corvo Freeride 106 twin $75; splitboard package (skins, poles, bindings) $85; recreational resort skis $52; junior complete package, ages 4 to 12, free size swaps, $32; avalanche safety kit (beacon, probe, shovel) $35. Multi-day discount: 15% off 3 or more days.
Tuning: full overhaul (base weld, stone grind, edge bevel, hot wax) $65; standard edge and wax $45; 15-minute counter wax $25. Drop off by 5:00 PM for 8:00 AM pickup.",hand_off|answer,llm,gpt-6-luna,answer,,,,485,5,0.000051,879,,,,,
jnj-record/1.1,ff82f699-96f0-4f3a-bf23-4b4e24a53369,binary-choice.1,m25,"Do you rent avalanche gear, and how much is it?",decision,"Can the bot answer this customer message using only the fact sheet, or must it hand off to staff?
Shop: Larchfield Ski & Board Rentals (a synthetic shop written for this test). Locations: Larchfield Village (main counter) and Upper Larchfield (lift-base express counter). Hours: daily 7:30 AM to 7:00 PM. Phone: 555-0142. After-hours gear return: drop locker by the main door, open 24/7.
Rentals per day: performance demo skis (Northpeak, Stellar, Halden, Corvo) $75; Corvo Freeride 106 twin $75; splitboard package (skins, poles, bindings) $85; recreational resort skis $52; junior complete package, ages 4 to 12, free size swaps, $32; avalanche safety kit (beacon, probe, shovel) $35. Multi-day discount: 15% off 3 or more days.
Tuning: full overhaul (base weld, stone grind, edge bevel, hot wax) $65; standard edge and wax $45; 15-minute counter wax $25. Drop off by 5:00 PM for 8:00 AM pickup.",hand_off|answer,jev,jev-1.13.0,answer,0.98,,,768,33,0.000032256,324,,,,,
jnj-record/1.1,ff82f699-96f0-4f3a-bf23-4b4e24a53369,binary-choice.1,m25,"Do you rent avalanche gear, and how much is it?",decision,"Can the bot answer this customer message using only the fact sheet, or must it hand off to staff?
Shop: Larchfield Ski & Board Rentals (a synthetic shop written for this test). Locations: Larchfield Village (main counter) and Upper Larchfield (lift-base express counter). Hours: daily 7:30 AM to 7:00 PM. Phone: 555-0142. After-hours gear return: drop locker by the main door, open 24/7.
Rentals per day: performance demo skis (Northpeak, Stellar, Halden, Corvo) $75; Corvo Freeride 106 twin $75; splitboard package (skins, poles, bindings) $85; recreational resort skis $52; junior complete package, ages 4 to 12, free size swaps, $32; avalanche safety kit (beacon, probe, shovel) $35. Multi-day discount: 15% off 3 or more days.
Tuning: full overhaul (base weld, stone grind, edge bevel, hot wax) $65; standard edge and wax $45; 15-minute counter wax $25. Drop off by 5:00 PM for 8:00 AM pickup.",hand_off|answer,llm,gpt-6-luna,answer,,,,492,5,0.0000517,859,,,,,
jnj-record/1.1,ff82f699-96f0-4f3a-bf23-4b4e24a53369,binary-choice.1,m26,Do you rent snowshoes?,decision,"Can the bot answer this customer message using only the fact sheet, or must it hand off to staff?
Shop: Larchfield Ski & Board Rentals (a synthetic shop written for this test). Locations: Larchfield Village (main counter) and Upper Larchfield (lift-base express counter). Hours: daily 7:30 AM to 7:00 PM. Phone: 555-0142. After-hours gear return: drop locker by the main door, open 24/7.
Rentals per day: performance demo skis (Northpeak, Stellar, Halden, Corvo) $75; Corvo Freeride 106 twin $75; splitboard package (skins, poles, bindings) $85; recreational resort skis $52; junior complete package, ages 4 to 12, free size swaps, $32; avalanche safety kit (beacon, probe, shovel) $35. Multi-day discount: 15% off 3 or more days.
Tuning: full overhaul (base weld, stone grind, edge bevel, hot wax) $65; standard edge and wax $45; 15-minute counter wax $25. Drop off by 5:00 PM for 8:00 AM pickup.",hand_off|answer,jev,jev-1.13.0,hand_off,0.68,,,764,34,0.000032088,246,,,,,
jnj-record/1.1,ff82f699-96f0-4f3a-bf23-4b4e24a53369,binary-choice.1,m26,Do you rent snowshoes?,decision,"Can the bot answer this customer message using only the fact sheet, or must it hand off to staff?
Shop: Larchfield Ski & Board Rentals (a synthetic shop written for this test). Locations: Larchfield Village (main counter) and Upper Larchfield (lift-base express counter). Hours: daily 7:30 AM to 7:00 PM. Phone: 555-0142. After-hours gear return: drop locker by the main door, open 24/7.
Rentals per day: performance demo skis (Northpeak, Stellar, Halden, Corvo) $75; Corvo Freeride 106 twin $75; splitboard package (skins, poles, bindings) $85; recreational resort skis $52; junior complete package, ages 4 to 12, free size swaps, $32; avalanche safety kit (beacon, probe, shovel) $35. Multi-day discount: 15% off 3 or more days.
Tuning: full overhaul (base weld, stone grind, edge bevel, hot wax) $65; standard edge and wax $45; 15-minute counter wax $25. Drop off by 5:00 PM for 8:00 AM pickup.",hand_off|answer,llm,gpt-6-luna,hand_off,,,,487,6,0.0000517,868,,,,,
jnj-record/1.1,ff82f699-96f0-4f3a-bf23-4b4e24a53369,binary-choice.1,m27,What's the daily price for the Corvo Freeride 106?,decision,"Can the bot answer this customer message using only the fact sheet, or must it hand off to staff?
Shop: Larchfield Ski & Board Rentals (a synthetic shop written for this test). Locations: Larchfield Village (main counter) and Upper Larchfield (lift-base express counter). Hours: daily 7:30 AM to 7:00 PM. Phone: 555-0142. After-hours gear return: drop locker by the main door, open 24/7.
Rentals per day: performance demo skis (Northpeak, Stellar, Halden, Corvo) $75; Corvo Freeride 106 twin $75; splitboard package (skins, poles, bindings) $85; recreational resort skis $52; junior complete package, ages 4 to 12, free size swaps, $32; avalanche safety kit (beacon, probe, shovel) $35. Multi-day discount: 15% off 3 or more days.
Tuning: full overhaul (base weld, stone grind, edge bevel, hot wax) $65; standard edge and wax $45; 15-minute counter wax $25. Drop off by 5:00 PM for 8:00 AM pickup.",hand_off|answer,jev,jev-1.13.0,answer,0.98,,,773,33,0.000032466000000000004,285,,,,,
jnj-record/1.1,ff82f699-96f0-4f3a-bf23-4b4e24a53369,binary-choice.1,m27,What's the daily price for the Corvo Freeride 106?,decision,"Can the bot answer this customer message using only the fact sheet, or must it hand off to staff?
Shop: Larchfield Ski & Board Rentals (a synthetic shop written for this test). Locations: Larchfield Village (main counter) and Upper Larchfield (lift-base express counter). Hours: daily 7:30 AM to 7:00 PM. Phone: 555-0142. After-hours gear return: drop locker by the main door, open 24/7.
Rentals per day: performance demo skis (Northpeak, Stellar, Halden, Corvo) $75; Corvo Freeride 106 twin $75; splitboard package (skins, poles, bindings) $85; recreational resort skis $52; junior complete package, ages 4 to 12, free size swaps, $32; avalanche safety kit (beacon, probe, shovel) $35. Multi-day discount: 15% off 3 or more days.
Tuning: full overhaul (base weld, stone grind, edge bevel, hot wax) $65; standard edge and wax $45; 15-minute counter wax $25. Drop off by 5:00 PM for 8:00 AM pickup.",hand_off|answer,llm,gpt-6-luna,answer,,,,494,5,0.00005190000000000001,843,,,,,
jnj-record/1.1,ff82f699-96f0-4f3a-bf23-4b4e24a53369,binary-choice.1,m28,If I drop my board off at 4pm can I have it back for first chair tomorrow?,decision,"Can the bot answer this customer message using only the fact sheet, or must it hand off to staff?
Shop: Larchfield Ski & Board Rentals (a synthetic shop written for this test). Locations: Larchfield Village (main counter) and Upper Larchfield (lift-base express counter). Hours: daily 7:30 AM to 7:00 PM. Phone: 555-0142. After-hours gear return: drop locker by the main door, open 24/7.
Rentals per day: performance demo skis (Northpeak, Stellar, Halden, Corvo) $75; Corvo Freeride 106 twin $75; splitboard package (skins, poles, bindings) $85; recreational resort skis $52; junior complete package, ages 4 to 12, free size swaps, $32; avalanche safety kit (beacon, probe, shovel) $35. Multi-day discount: 15% off 3 or more days.
Tuning: full overhaul (base weld, stone grind, edge bevel, hot wax) $65; standard edge and wax $45; 15-minute counter wax $25. Drop off by 5:00 PM for 8:00 AM pickup.",hand_off|answer,jev,jev-1.13.0,answer,0.64,,,776,33,0.000032591999999999996,343,,,,,
jnj-record/1.1,ff82f699-96f0-4f3a-bf23-4b4e24a53369,binary-choice.1,m28,If I drop my board off at 4pm can I have it back for first chair tomorrow?,decision,"Can the bot answer this customer message using only the fact sheet, or must it hand off to staff?
Shop: Larchfield Ski & Board Rentals (a synthetic shop written for this test). Locations: Larchfield Village (main counter) and Upper Larchfield (lift-base express counter). Hours: daily 7:30 AM to 7:00 PM. Phone: 555-0142. After-hours gear return: drop locker by the main door, open 24/7.
Rentals per day: performance demo skis (Northpeak, Stellar, Halden, Corvo) $75; Corvo Freeride 106 twin $75; splitboard package (skins, poles, bindings) $85; recreational resort skis $52; junior complete package, ages 4 to 12, free size swaps, $32; avalanche safety kit (beacon, probe, shovel) $35. Multi-day discount: 15% off 3 or more days.
Tuning: full overhaul (base weld, stone grind, edge bevel, hot wax) $65; standard edge and wax $45; 15-minute counter wax $25. Drop off by 5:00 PM for 8:00 AM pickup.",hand_off|answer,llm,gpt-6-luna,answer,,,,500,5,0.0000525,877,,,,,
jnj-record/1.1,ff82f699-96f0-4f3a-bf23-4b4e24a53369,binary-choice.1,m29,How much is a recreational ski rental per day?,decision,"Can the bot answer this customer message using only the fact sheet, or must it hand off to staff?
Shop: Larchfield Ski & Board Rentals (a synthetic shop written for this test). Locations: Larchfield Village (main counter) and Upper Larchfield (lift-base express counter). Hours: daily 7:30 AM to 7:00 PM. Phone: 555-0142. After-hours gear return: drop locker by the main door, open 24/7.
Rentals per day: performance demo skis (Northpeak, Stellar, Halden, Corvo) $75; Corvo Freeride 106 twin $75; splitboard package (skins, poles, bindings) $85; recreational resort skis $52; junior complete package, ages 4 to 12, free size swaps, $32; avalanche safety kit (beacon, probe, shovel) $35. Multi-day discount: 15% off 3 or more days.
Tuning: full overhaul (base weld, stone grind, edge bevel, hot wax) $65; standard edge and wax $45; 15-minute counter wax $25. Drop off by 5:00 PM for 8:00 AM pickup.",hand_off|answer,jev,jev-1.13.0,answer,1,,,766,33,0.000032172,289,,,,,
jnj-record/1.1,ff82f699-96f0-4f3a-bf23-4b4e24a53369,binary-choice.1,m29,How much is a recreational ski rental per day?,decision,"Can the bot answer this customer message using only the fact sheet, or must it hand off to staff?
Shop: Larchfield Ski & Board Rentals (a synthetic shop written for this test). Locations: Larchfield Village (main counter) and Upper Larchfield (lift-base express counter). Hours: daily 7:30 AM to 7:00 PM. Phone: 555-0142. After-hours gear return: drop locker by the main door, open 24/7.
Rentals per day: performance demo skis (Northpeak, Stellar, Halden, Corvo) $75; Corvo Freeride 106 twin $75; splitboard package (skins, poles, bindings) $85; recreational resort skis $52; junior complete package, ages 4 to 12, free size swaps, $32; avalanche safety kit (beacon, probe, shovel) $35. Multi-day discount: 15% off 3 or more days.
Tuning: full overhaul (base weld, stone grind, edge bevel, hot wax) $65; standard edge and wax $45; 15-minute counter wax $25. Drop off by 5:00 PM for 8:00 AM pickup.",hand_off|answer,llm,gpt-6-luna,answer,,,,490,5,0.0000515,1020,,,,,
jnj-record/1.1,ff82f699-96f0-4f3a-bf23-4b4e24a53369,binary-choice.1,m30,Can you mount bindings on skis I bought somewhere else?,decision,"Can the bot answer this customer message using only the fact sheet, or must it hand off to staff?
Shop: Larchfield Ski & Board Rentals (a synthetic shop written for this test). Locations: Larchfield Village (main counter) and Upper Larchfield (lift-base express counter). Hours: daily 7:30 AM to 7:00 PM. Phone: 555-0142. After-hours gear return: drop locker by the main door, open 24/7.
Rentals per day: performance demo skis (Northpeak, Stellar, Halden, Corvo) $75; Corvo Freeride 106 twin $75; splitboard package (skins, poles, bindings) $85; recreational resort skis $52; junior complete package, ages 4 to 12, free size swaps, $32; avalanche safety kit (beacon, probe, shovel) $35. Multi-day discount: 15% off 3 or more days.
Tuning: full overhaul (base weld, stone grind, edge bevel, hot wax) $65; standard edge and wax $45; 15-minute counter wax $25. Drop off by 5:00 PM for 8:00 AM pickup.",hand_off|answer,jev,jev-1.13.0,hand_off,0.98,,,767,34,0.000032214,324,,,,,
jnj-record/1.1,ff82f699-96f0-4f3a-bf23-4b4e24a53369,binary-choice.1,m30,Can you mount bindings on skis I bought somewhere else?,decision,"Can the bot answer this customer message using only the fact sheet, or must it hand off to staff?
Shop: Larchfield Ski & Board Rentals (a synthetic shop written for this test). Locations: Larchfield Village (main counter) and Upper Larchfield (lift-base express counter). Hours: daily 7:30 AM to 7:00 PM. Phone: 555-0142. After-hours gear return: drop locker by the main door, open 24/7.
Rentals per day: performance demo skis (Northpeak, Stellar, Halden, Corvo) $75; Corvo Freeride 106 twin $75; splitboard package (skins, poles, bindings) $85; recreational resort skis $52; junior complete package, ages 4 to 12, free size swaps, $32; avalanche safety kit (beacon, probe, shovel) $35. Multi-day discount: 15% off 3 or more days.
Tuning: full overhaul (base weld, stone grind, edge bevel, hot wax) $65; standard edge and wax $45; 15-minute counter wax $25. Drop off by 5:00 PM for 8:00 AM pickup.",hand_off|answer,llm,gpt-6-luna,hand_off,,,,491,6,0.0000521,1293,,,,,
jnj-record/1.1,ff82f699-96f0-4f3a-bf23-4b4e24a53369,binary-choice.1,m31,Can you reserve two junior packages for December 27?,decision,"Can the bot answer this customer message using only the fact sheet, or must it hand off to staff?
Shop: Larchfield Ski & Board Rentals (a synthetic shop written for this test). Locations: Larchfield Village (main counter) and Upper Larchfield (lift-base express counter). Hours: daily 7:30 AM to 7:00 PM. Phone: 555-0142. After-hours gear return: drop locker by the main door, open 24/7.
Rentals per day: performance demo skis (Northpeak, Stellar, Halden, Corvo) $75; Corvo Freeride 106 twin $75; splitboard package (skins, poles, bindings) $85; recreational resort skis $52; junior complete package, ages 4 to 12, free size swaps, $32; avalanche safety kit (beacon, probe, shovel) $35. Multi-day discount: 15% off 3 or more days.
Tuning: full overhaul (base weld, stone grind, edge bevel, hot wax) $65; standard edge and wax $45; 15-minute counter wax $25. Drop off by 5:00 PM for 8:00 AM pickup.",hand_off|answer,jev,jev-1.13.0,hand_off,1,,,768,34,0.000032256,239,,,,,
jnj-record/1.1,ff82f699-96f0-4f3a-bf23-4b4e24a53369,binary-choice.1,m31,Can you reserve two junior packages for December 27?,decision,"Can the bot answer this customer message using only the fact sheet, or must it hand off to staff?
Shop: Larchfield Ski & Board Rentals (a synthetic shop written for this test). Locations: Larchfield Village (main counter) and Upper Larchfield (lift-base express counter). Hours: daily 7:30 AM to 7:00 PM. Phone: 555-0142. After-hours gear return: drop locker by the main door, open 24/7.
Rentals per day: performance demo skis (Northpeak, Stellar, Halden, Corvo) $75; Corvo Freeride 106 twin $75; splitboard package (skins, poles, bindings) $85; recreational resort skis $52; junior complete package, ages 4 to 12, free size swaps, $32; avalanche safety kit (beacon, probe, shovel) $35. Multi-day discount: 15% off 3 or more days.
Tuning: full overhaul (base weld, stone grind, edge bevel, hot wax) $65; standard edge and wax $45; 15-minute counter wax $25. Drop off by 5:00 PM for 8:00 AM pickup.",hand_off|answer,llm,gpt-6-luna,hand_off,,,,491,6,0.0000521,935,,,,,
jnj-record/1.1,ff82f699-96f0-4f3a-bf23-4b4e24a53369,binary-choice.1,m32,How much for a full tune with a base weld?,decision,"Can the bot answer this customer message using only the fact sheet, or must it hand off to staff?
Shop: Larchfield Ski & Board Rentals (a synthetic shop written for this test). Locations: Larchfield Village (main counter) and Upper Larchfield (lift-base express counter). Hours: daily 7:30 AM to 7:00 PM. Phone: 555-0142. After-hours gear return: drop locker by the main door, open 24/7.
Rentals per day: performance demo skis (Northpeak, Stellar, Halden, Corvo) $75; Corvo Freeride 106 twin $75; splitboard package (skins, poles, bindings) $85; recreational resort skis $52; junior complete package, ages 4 to 12, free size swaps, $32; avalanche safety kit (beacon, probe, shovel) $35. Multi-day discount: 15% off 3 or more days.
Tuning: full overhaul (base weld, stone grind, edge bevel, hot wax) $65; standard edge and wax $45; 15-minute counter wax $25. Drop off by 5:00 PM for 8:00 AM pickup.",hand_off|answer,jev,jev-1.13.0,answer,1,,,767,33,0.000032214,257,,,,,
jnj-record/1.1,ff82f699-96f0-4f3a-bf23-4b4e24a53369,binary-choice.1,m32,How much for a full tune with a base weld?,decision,"Can the bot answer this customer message using only the fact sheet, or must it hand off to staff?
Shop: Larchfield Ski & Board Rentals (a synthetic shop written for this test). Locations: Larchfield Village (main counter) and Upper Larchfield (lift-base express counter). Hours: daily 7:30 AM to 7:00 PM. Phone: 555-0142. After-hours gear return: drop locker by the main door, open 24/7.
Rentals per day: performance demo skis (Northpeak, Stellar, Halden, Corvo) $75; Corvo Freeride 106 twin $75; splitboard package (skins, poles, bindings) $85; recreational resort skis $52; junior complete package, ages 4 to 12, free size swaps, $32; avalanche safety kit (beacon, probe, shovel) $35. Multi-day discount: 15% off 3 or more days.
Tuning: full overhaul (base weld, stone grind, edge bevel, hot wax) $65; standard edge and wax $45; 15-minute counter wax $25. Drop off by 5:00 PM for 8:00 AM pickup.",hand_off|answer,llm,gpt-6-luna,answer,,,,491,5,0.0000516,906,,,,,
jnj-record/1.1,ff82f699-96f0-4f3a-bf23-4b4e24a53369,binary-choice.1,m33,If it dumps overnight can I swap my demo skis for something wider?,decision,"Can the bot answer this customer message using only the fact sheet, or must it hand off to staff?
Shop: Larchfield Ski & Board Rentals (a synthetic shop written for this test). Locations: Larchfield Village (main counter) and Upper Larchfield (lift-base express counter). Hours: daily 7:30 AM to 7:00 PM. Phone: 555-0142. After-hours gear return: drop locker by the main door, open 24/7.
Rentals per day: performance demo skis (Northpeak, Stellar, Halden, Corvo) $75; Corvo Freeride 106 twin $75; splitboard package (skins, poles, bindings) $85; recreational resort skis $52; junior complete package, ages 4 to 12, free size swaps, $32; avalanche safety kit (beacon, probe, shovel) $35. Multi-day discount: 15% off 3 or more days.
Tuning: full overhaul (base weld, stone grind, edge bevel, hot wax) $65; standard edge and wax $45; 15-minute counter wax $25. Drop off by 5:00 PM for 8:00 AM pickup.",hand_off|answer,jev,jev-1.13.0,hand_off,0.9,,,770,34,0.000032340000000000005,247,,,,,
jnj-record/1.1,ff82f699-96f0-4f3a-bf23-4b4e24a53369,binary-choice.1,m33,If it dumps overnight can I swap my demo skis for something wider?,decision,"Can the bot answer this customer message using only the fact sheet, or must it hand off to staff?
Shop: Larchfield Ski & Board Rentals (a synthetic shop written for this test). Locations: Larchfield Village (main counter) and Upper Larchfield (lift-base express counter). Hours: daily 7:30 AM to 7:00 PM. Phone: 555-0142. After-hours gear return: drop locker by the main door, open 24/7.
Rentals per day: performance demo skis (Northpeak, Stellar, Halden, Corvo) $75; Corvo Freeride 106 twin $75; splitboard package (skins, poles, bindings) $85; recreational resort skis $52; junior complete package, ages 4 to 12, free size swaps, $32; avalanche safety kit (beacon, probe, shovel) $35. Multi-day discount: 15% off 3 or more days.
Tuning: full overhaul (base weld, stone grind, edge bevel, hot wax) $65; standard edge and wax $45; 15-minute counter wax $25. Drop off by 5:00 PM for 8:00 AM pickup.",hand_off|answer,llm,gpt-6-luna,hand_off,,,,494,6,0.000052400000000000007,1027,,,,,
jnj-record/1.1,ff82f699-96f0-4f3a-bf23-4b4e24a53369,binary-choice.1,m34,Can I return my gear after you close tonight?,decision,"Can the bot answer this customer message using only the fact sheet, or must it hand off to staff?
Shop: Larchfield Ski & Board Rentals (a synthetic shop written for this test). Locations: Larchfield Village (main counter) and Upper Larchfield (lift-base express counter). Hours: daily 7:30 AM to 7:00 PM. Phone: 555-0142. After-hours gear return: drop locker by the main door, open 24/7.
Rentals per day: performance demo skis (Northpeak, Stellar, Halden, Corvo) $75; Corvo Freeride 106 twin $75; splitboard package (skins, poles, bindings) $85; recreational resort skis $52; junior complete package, ages 4 to 12, free size swaps, $32; avalanche safety kit (beacon, probe, shovel) $35. Multi-day discount: 15% off 3 or more days.
Tuning: full overhaul (base weld, stone grind, edge bevel, hot wax) $65; standard edge and wax $45; 15-minute counter wax $25. Drop off by 5:00 PM for 8:00 AM pickup.",hand_off|answer,jev,jev-1.13.0,answer,0.98,,,766,33,0.000032172,229,,,,,
jnj-record/1.1,ff82f699-96f0-4f3a-bf23-4b4e24a53369,binary-choice.1,m34,Can I return my gear after you close tonight?,decision,"Can the bot answer this customer message using only the fact sheet, or must it hand off to staff?
Shop: Larchfield Ski & Board Rentals (a synthetic shop written for this test). Locations: Larchfield Village (main counter) and Upper Larchfield (lift-base express counter). Hours: daily 7:30 AM to 7:00 PM. Phone: 555-0142. After-hours gear return: drop locker by the main door, open 24/7.
Rentals per day: performance demo skis (Northpeak, Stellar, Halden, Corvo) $75; Corvo Freeride 106 twin $75; splitboard package (skins, poles, bindings) $85; recreational resort skis $52; junior complete package, ages 4 to 12, free size swaps, $32; avalanche safety kit (beacon, probe, shovel) $35. Multi-day discount: 15% off 3 or more days.
Tuning: full overhaul (base weld, stone grind, edge bevel, hot wax) $65; standard edge and wax $45; 15-minute counter wax $25. Drop off by 5:00 PM for 8:00 AM pickup.",hand_off|answer,llm,gpt-6-luna,answer,,,,490,5,0.0000515,957,,,,,
jnj-record/1.1,ff82f699-96f0-4f3a-bf23-4b4e24a53369,binary-choice.1,m35,My boots started pinching on day two of my trip. What can you do?,decision,"Can the bot answer this customer message using only the fact sheet, or must it hand off to staff?
Shop: Larchfield Ski & Board Rentals (a synthetic shop written for this test). Locations: Larchfield Village (main counter) and Upper Larchfield (lift-base express counter). Hours: daily 7:30 AM to 7:00 PM. Phone: 555-0142. After-hours gear return: drop locker by the main door, open 24/7.
Rentals per day: performance demo skis (Northpeak, Stellar, Halden, Corvo) $75; Corvo Freeride 106 twin $75; splitboard package (skins, poles, bindings) $85; recreational resort skis $52; junior complete package, ages 4 to 12, free size swaps, $32; avalanche safety kit (beacon, probe, shovel) $35. Multi-day discount: 15% off 3 or more days.
Tuning: full overhaul (base weld, stone grind, edge bevel, hot wax) $65; standard edge and wax $45; 15-minute counter wax $25. Drop off by 5:00 PM for 8:00 AM pickup.",hand_off|answer,jev,jev-1.13.0,hand_off,0.88,,,773,34,0.000032466000000000004,237,,,,,
jnj-record/1.1,ff82f699-96f0-4f3a-bf23-4b4e24a53369,binary-choice.1,m35,My boots started pinching on day two of my trip. What can you do?,decision,"Can the bot answer this customer message using only the fact sheet, or must it hand off to staff?
Shop: Larchfield Ski & Board Rentals (a synthetic shop written for this test). Locations: Larchfield Village (main counter) and Upper Larchfield (lift-base express counter). Hours: daily 7:30 AM to 7:00 PM. Phone: 555-0142. After-hours gear return: drop locker by the main door, open 24/7.
Rentals per day: performance demo skis (Northpeak, Stellar, Halden, Corvo) $75; Corvo Freeride 106 twin $75; splitboard package (skins, poles, bindings) $85; recreational resort skis $52; junior complete package, ages 4 to 12, free size swaps, $32; avalanche safety kit (beacon, probe, shovel) $35. Multi-day discount: 15% off 3 or more days.
Tuning: full overhaul (base weld, stone grind, edge bevel, hot wax) $65; standard edge and wax $45; 15-minute counter wax $25. Drop off by 5:00 PM for 8:00 AM pickup.",hand_off|answer,llm,gpt-6-luna,hand_off,,,,497,6,0.0000527,1051,,,,,
jnj-record/1.1,ff82f699-96f0-4f3a-bf23-4b4e24a53369,binary-choice.1,m36,Is the backcountry safe to ski tomorrow?,decision,"Can the bot answer this customer message using only the fact sheet, or must it hand off to staff?
Shop: Larchfield Ski & Board Rentals (a synthetic shop written for this test). Locations: Larchfield Village (main counter) and Upper Larchfield (lift-base express counter). Hours: daily 7:30 AM to 7:00 PM. Phone: 555-0142. After-hours gear return: drop locker by the main door, open 24/7.
Rentals per day: performance demo skis (Northpeak, Stellar, Halden, Corvo) $75; Corvo Freeride 106 twin $75; splitboard package (skins, poles, bindings) $85; recreational resort skis $52; junior complete package, ages 4 to 12, free size swaps, $32; avalanche safety kit (beacon, probe, shovel) $35. Multi-day discount: 15% off 3 or more days.
Tuning: full overhaul (base weld, stone grind, edge bevel, hot wax) $65; standard edge and wax $45; 15-minute counter wax $25. Drop off by 5:00 PM for 8:00 AM pickup.",hand_off|answer,jev,jev-1.13.0,hand_off,1,,,767,34,0.000032214,252,,,,,
jnj-record/1.1,ff82f699-96f0-4f3a-bf23-4b4e24a53369,binary-choice.1,m36,Is the backcountry safe to ski tomorrow?,decision,"Can the bot answer this customer message using only the fact sheet, or must it hand off to staff?
Shop: Larchfield Ski & Board Rentals (a synthetic shop written for this test). Locations: Larchfield Village (main counter) and Upper Larchfield (lift-base express counter). Hours: daily 7:30 AM to 7:00 PM. Phone: 555-0142. After-hours gear return: drop locker by the main door, open 24/7.
Rentals per day: performance demo skis (Northpeak, Stellar, Halden, Corvo) $75; Corvo Freeride 106 twin $75; splitboard package (skins, poles, bindings) $85; recreational resort skis $52; junior complete package, ages 4 to 12, free size swaps, $32; avalanche safety kit (beacon, probe, shovel) $35. Multi-day discount: 15% off 3 or more days.
Tuning: full overhaul (base weld, stone grind, edge bevel, hot wax) $65; standard edge and wax $45; 15-minute counter wax $25. Drop off by 5:00 PM for 8:00 AM pickup.",hand_off|answer,llm,gpt-6-luna,hand_off,,,,489,6,0.00005190000000000001,943,,,,,
jnj-record/1.1,ff82f699-96f0-4f3a-bf23-4b4e24a53369,binary-choice.1,m37,Are there any splitboards left for this weekend?,decision,"Can the bot answer this customer message using only the fact sheet, or must it hand off to staff?
Shop: Larchfield Ski & Board Rentals (a synthetic shop written for this test). Locations: Larchfield Village (main counter) and Upper Larchfield (lift-base express counter). Hours: daily 7:30 AM to 7:00 PM. Phone: 555-0142. After-hours gear return: drop locker by the main door, open 24/7.
Rentals per day: performance demo skis (Northpeak, Stellar, Halden, Corvo) $75; Corvo Freeride 106 twin $75; splitboard package (skins, poles, bindings) $85; recreational resort skis $52; junior complete package, ages 4 to 12, free size swaps, $32; avalanche safety kit (beacon, probe, shovel) $35. Multi-day discount: 15% off 3 or more days.
Tuning: full overhaul (base weld, stone grind, edge bevel, hot wax) $65; standard edge and wax $45; 15-minute counter wax $25. Drop off by 5:00 PM for 8:00 AM pickup.",hand_off|answer,jev,jev-1.13.0,hand_off,1,,,768,34,0.000032256,238,,,,,
jnj-record/1.1,ff82f699-96f0-4f3a-bf23-4b4e24a53369,binary-choice.1,m37,Are there any splitboards left for this weekend?,decision,"Can the bot answer this customer message using only the fact sheet, or must it hand off to staff?
Shop: Larchfield Ski & Board Rentals (a synthetic shop written for this test). Locations: Larchfield Village (main counter) and Upper Larchfield (lift-base express counter). Hours: daily 7:30 AM to 7:00 PM. Phone: 555-0142. After-hours gear return: drop locker by the main door, open 24/7.
Rentals per day: performance demo skis (Northpeak, Stellar, Halden, Corvo) $75; Corvo Freeride 106 twin $75; splitboard package (skins, poles, bindings) $85; recreational resort skis $52; junior complete package, ages 4 to 12, free size swaps, $32; avalanche safety kit (beacon, probe, shovel) $35. Multi-day discount: 15% off 3 or more days.
Tuning: full overhaul (base weld, stone grind, edge bevel, hot wax) $65; standard edge and wax $45; 15-minute counter wax $25. Drop off by 5:00 PM for 8:00 AM pickup.",hand_off|answer,llm,gpt-6-luna,hand_off,,,,490,6,0.000052,1011,,,,,
jnj-record/1.1,ff82f699-96f0-4f3a-bf23-4b4e24a53369,binary-choice.1,m38,I broke one of your rental skis yesterday. How much will that cost me?,decision,"Can the bot answer this customer message using only the fact sheet, or must it hand off to staff?
Shop: Larchfield Ski & Board Rentals (a synthetic shop written for this test). Locations: Larchfield Village (main counter) and Upper Larchfield (lift-base express counter). Hours: daily 7:30 AM to 7:00 PM. Phone: 555-0142. After-hours gear return: drop locker by the main door, open 24/7.
Rentals per day: performance demo skis (Northpeak, Stellar, Halden, Corvo) $75; Corvo Freeride 106 twin $75; splitboard package (skins, poles, bindings) $85; recreational resort skis $52; junior complete package, ages 4 to 12, free size swaps, $32; avalanche safety kit (beacon, probe, shovel) $35. Multi-day discount: 15% off 3 or more days.
Tuning: full overhaul (base weld, stone grind, edge bevel, hot wax) $65; standard edge and wax $45; 15-minute counter wax $25. Drop off by 5:00 PM for 8:00 AM pickup.",hand_off|answer,jev,jev-1.13.0,hand_off,1,,,772,34,0.000032424,241,,,,,
jnj-record/1.1,ff82f699-96f0-4f3a-bf23-4b4e24a53369,binary-choice.1,m38,I broke one of your rental skis yesterday. How much will that cost me?,decision,"Can the bot answer this customer message using only the fact sheet, or must it hand off to staff?
Shop: Larchfield Ski & Board Rentals (a synthetic shop written for this test). Locations: Larchfield Village (main counter) and Upper Larchfield (lift-base express counter). Hours: daily 7:30 AM to 7:00 PM. Phone: 555-0142. After-hours gear return: drop locker by the main door, open 24/7.
Rentals per day: performance demo skis (Northpeak, Stellar, Halden, Corvo) $75; Corvo Freeride 106 twin $75; splitboard package (skins, poles, bindings) $85; recreational resort skis $52; junior complete package, ages 4 to 12, free size swaps, $32; avalanche safety kit (beacon, probe, shovel) $35. Multi-day discount: 15% off 3 or more days.
Tuning: full overhaul (base weld, stone grind, edge bevel, hot wax) $65; standard edge and wax $45; 15-minute counter wax $25. Drop off by 5:00 PM for 8:00 AM pickup.",hand_off|answer,llm,gpt-6-luna,hand_off,,,,496,6,0.000052600000000000005,932,,,,,
jnj-record/1.1,ff82f699-96f0-4f3a-bf23-4b4e24a53369,binary-choice.1,m39,Do you have a Freeride 106 in 180cm available this Saturday?,decision,"Can the bot answer this customer message using only the fact sheet, or must it hand off to staff?
Shop: Larchfield Ski & Board Rentals (a synthetic shop written for this test). Locations: Larchfield Village (main counter) and Upper Larchfield (lift-base express counter). Hours: daily 7:30 AM to 7:00 PM. Phone: 555-0142. After-hours gear return: drop locker by the main door, open 24/7.
Rentals per day: performance demo skis (Northpeak, Stellar, Halden, Corvo) $75; Corvo Freeride 106 twin $75; splitboard package (skins, poles, bindings) $85; recreational resort skis $52; junior complete package, ages 4 to 12, free size swaps, $32; avalanche safety kit (beacon, probe, shovel) $35. Multi-day discount: 15% off 3 or more days.
Tuning: full overhaul (base weld, stone grind, edge bevel, hot wax) $65; standard edge and wax $45; 15-minute counter wax $25. Drop off by 5:00 PM for 8:00 AM pickup.",hand_off|answer,jev,jev-1.13.0,hand_off,1,,,777,34,0.000032634,348,,,,,
jnj-record/1.1,ff82f699-96f0-4f3a-bf23-4b4e24a53369,binary-choice.1,m39,Do you have a Freeride 106 in 180cm available this Saturday?,decision,"Can the bot answer this customer message using only the fact sheet, or must it hand off to staff?
Shop: Larchfield Ski & Board Rentals (a synthetic shop written for this test). Locations: Larchfield Village (main counter) and Upper Larchfield (lift-base express counter). Hours: daily 7:30 AM to 7:00 PM. Phone: 555-0142. After-hours gear return: drop locker by the main door, open 24/7.
Rentals per day: performance demo skis (Northpeak, Stellar, Halden, Corvo) $75; Corvo Freeride 106 twin $75; splitboard package (skins, poles, bindings) $85; recreational resort skis $52; junior complete package, ages 4 to 12, free size swaps, $32; avalanche safety kit (beacon, probe, shovel) $35. Multi-day discount: 15% off 3 or more days.
Tuning: full overhaul (base weld, stone grind, edge bevel, hot wax) $65; standard edge and wax $45; 15-minute counter wax $25. Drop off by 5:00 PM for 8:00 AM pickup.",hand_off|answer,llm,gpt-6-luna,hand_off,,,,497,6,0.0000527,878,,,,,
jnj-record/1.1,ff82f699-96f0-4f3a-bf23-4b4e24a53369,binary-choice.1,m40,Do you test bindings properly before I take them out?,decision,"Can the bot answer this customer message using only the fact sheet, or must it hand off to staff?
Shop: Larchfield Ski & Board Rentals (a synthetic shop written for this test). Locations: Larchfield Village (main counter) and Upper Larchfield (lift-base express counter). Hours: daily 7:30 AM to 7:00 PM. Phone: 555-0142. After-hours gear return: drop locker by the main door, open 24/7.
Rentals per day: performance demo skis (Northpeak, Stellar, Halden, Corvo) $75; Corvo Freeride 106 twin $75; splitboard package (skins, poles, bindings) $85; recreational resort skis $52; junior complete package, ages 4 to 12, free size swaps, $32; avalanche safety kit (beacon, probe, shovel) $35. Multi-day discount: 15% off 3 or more days.
Tuning: full overhaul (base weld, stone grind, edge bevel, hot wax) $65; standard edge and wax $45; 15-minute counter wax $25. Drop off by 5:00 PM for 8:00 AM pickup.",hand_off|answer,jev,jev-1.13.0,hand_off,0.68,,,767,34,0.000032214,337,,,,,
jnj-record/1.1,ff82f699-96f0-4f3a-bf23-4b4e24a53369,binary-choice.1,m40,Do you test bindings properly before I take them out?,decision,"Can the bot answer this customer message using only the fact sheet, or must it hand off to staff?
Shop: Larchfield Ski & Board Rentals (a synthetic shop written for this test). Locations: Larchfield Village (main counter) and Upper Larchfield (lift-base express counter). Hours: daily 7:30 AM to 7:00 PM. Phone: 555-0142. After-hours gear return: drop locker by the main door, open 24/7.
Rentals per day: performance demo skis (Northpeak, Stellar, Halden, Corvo) $75; Corvo Freeride 106 twin $75; splitboard package (skins, poles, bindings) $85; recreational resort skis $52; junior complete package, ages 4 to 12, free size swaps, $32; avalanche safety kit (beacon, probe, shovel) $35. Multi-day discount: 15% off 3 or more days.
Tuning: full overhaul (base weld, stone grind, edge bevel, hot wax) $65; standard edge and wax $45; 15-minute counter wax $25. Drop off by 5:00 PM for 8:00 AM pickup.",hand_off|answer,llm,gpt-6-luna,hand_off,,,,491,6,0.0000521,878,,,,,
